"Name","URL","Type","StartDate","MinPrice","MaxPrice","PostalCode","City","State","Country","Address","Segment","Genre","SubGenre"
"CPS GOLDEN TICKETS","https://www.ticketweb.com/event/cps-golden-tickets-the-big-dirty-tickets/13621313","event","2024-03-09","0","0","97401","Eugene","Oregon","United States Of America","844 Olive St","Miscellaneous",NA,NA
"VIP Passes to The Liberty","https://www.ticketweb.com/event/vip-passes-to-the-liberty-the-liberty-tickets/13684763","event","2024-06-12","65","300","88201","Roswell","New Mexico","United States Of America","312 N Virginia Ave","Miscellaneous",NA,NA
"Sabrebucks",NA,"event","2024-06-30",NA,NA,"14203","Buffalo","New York","United States Of America","One Seymour H. Knox III Plaza",NA,NA,NA
"Half Share Discount Card 2023-24",NA,"event","2024-07-01",NA,NA,"14203","Buffalo","New York","United States Of America","One Seymour H. Knox III Plaza",NA,NA,NA
"Half Member Discount Card 2023-24",NA,"event","2024-07-01",NA,NA,"14203","Buffalo","New York","United States Of America","One Seymour H. Knox III Plaza",NA,NA,NA
"Full Member Discount Card 2023-24",NA,"event","2024-07-01",NA,NA,"14203","Buffalo","New York","United States Of America","One Seymour H. Knox III Plaza",NA,NA,NA
"Full Share Discount Card 2023-24",NA,"event","2024-07-01",NA,NA,"14203","Buffalo","New York","United States Of America","One Seymour H. Knox III Plaza",NA,NA,NA
"Mad Arts","https://www.universe.com/events/mad-arts-tickets-0BYVF9?ref=ticketmaster","event","2024-09-04",NA,NA,"33004","Dania Beach","Florida","United States Of America","481 S Federal Hwy","Arts & Theatre","Multimedia","Multimedia"
"Training Camp Party - Voorhees NJ",NA,"event","2024-09-21",NA,NA,"19145","Philadelphia","Pennsylvania","United States Of America","3601 South Broad St",NA,NA,NA
"Trumbull Town Hall 2024-2025 Series","https://www.ticketmaster.com/trumbull-town-hall-20242025-series-warren-ohio-09-25-2024/event/050060CEAC116889","event","2024-09-25","100","100","44483","Warren","Ohio","United States Of America","1703 Mahoning Ave NW","Miscellaneous","Lecture/Seminar","Lecture/Seminar"
"Warren Civic Music Series 2024-2025","https://www.ticketmaster.com/warren-civic-music-series-20242025-warren-ohio-10-09-2024/event/050060CE9CB057D3","event","2024-10-09","145","145","44483","Warren","Ohio","United States Of America","1703 Mahoning Ave NW","Music","Rock","Oldies & Classics"
"Broadway 2024-25 Season","https://www.ticketmaster.com/broadway-202425-season-davenport-iowa-10-10-2024/event/060060A9C68850CD","event","2024-10-10",NA,NA,"52801","Davenport","Iowa","United States Of America","136 E 3rd St","Arts & Theatre","Theatre","Musical"
"Broadway In Syracuse Season Tickets: Series A","https://www.ticketmaster.com/broadway-in-syracuse-season-tickets-series-syracuse-new-york-10-22-2024/event/00006089EE8649C7","event","2024-10-22","195","487","13202","Syracuse","New York","United States Of America","362 South Salina Street","Arts & Theatre","Theatre","Miscellaneous"
"Broadway In Syracuse Season Tickets: Series B","https://www.ticketmaster.com/broadway-in-syracuse-season-tickets-series-syracuse-new-york-10-23-2024/event/00006089EE8849CC","event","2024-10-23","195","487","13202","Syracuse","New York","United States Of America","362 South Salina Street","Arts & Theatre","Theatre","Miscellaneous"
"Broadway In Syracuse Season Tickets: Series C","https://www.ticketmaster.com/broadway-in-syracuse-season-tickets-series-syracuse-new-york-10-24-2024/event/00006089EE8A49E6","event","2024-10-24","195","487","13202","Syracuse","New York","United States Of America","362 South Salina Street","Arts & Theatre","Theatre","Miscellaneous"
"Broadway In Syracuse Season Tickets: Series D","https://www.ticketmaster.com/broadway-in-syracuse-season-tickets-series-syracuse-new-york-10-25-2024/event/00006089EE8C49F5","event","2024-10-25","235","517","13202","Syracuse","New York","United States Of America","362 South Salina Street","Arts & Theatre","Theatre","Miscellaneous"
"Broadway In Syracuse Season Tickets: Series E","https://www.ticketmaster.com/broadway-in-syracuse-season-tickets-series-syracuse-new-york-10-26-2024/event/00006089EE8E49FB","event","2024-10-26","235","517","13202","Syracuse","New York","United States Of America","362 South Salina Street","Arts & Theatre","Theatre","Miscellaneous"
"Broadway In Syracuse Season Tickets: Series F","https://www.ticketmaster.com/broadway-in-syracuse-season-tickets-series-syracuse-new-york-10-26-2024/event/00006089EE904A2E","event","2024-10-26","235","517","13202","Syracuse","New York","United States Of America","362 South Salina Street","Arts & Theatre","Theatre","Miscellaneous"
"Flyers Banner Event 5:30PM",NA,"event","2024-11-04",NA,NA,"19145","Philadelphia","Pennsylvania","United States Of America","3601 South Broad St",NA,NA,NA
"Flyers Banner Event 6:30PM",NA,"event","2024-11-04",NA,NA,"19145","Philadelphia","Pennsylvania","United States Of America","3601 South Broad St",NA,NA,NA
"2024 Bulls Bucks Vouchers",NA,"event","2024-11-07",NA,NA,"27701","Durham","North Carolina","United States Of America","409 Blackwell St",NA,NA,NA
"Fresno State Bulldogs Mens Basketball","https://www.ticketmaster.com/fresno-state-bulldogs-mens-basketball-fresno-california-11-08-2024/event/1C006157EFAD57F5","event","2024-11-08","15","40","93710","Fresno","California","United States Of America","2650 East Shaw Ave.","Sports","Basketball","College"
"Marshall Artists Speaker Series: Henry Louis Gates, Jr, Javier Zamora","https://www.ticketmaster.com/marshall-artists-speaker-series-henry-louis-huntington-west-virginia-11-15-2024/event/160060F012D04401","event","2024-11-15","100","100","25755","Huntington","West Virginia","United States Of America","1655 5th Ave.","Miscellaneous","Lecture/Seminar","Lecture/Seminar"
"Season - Wichita Wings","https://www.ticketmaster.com/season-wichita-wings-park-city-kansas-11-23-2024/event/0600615DCFDAC71B","event","2024-11-23","14","22","67147","Park City","Kansas","United States Of America","8151 N. Hartman Arena Drive","Sports","Hockey","Minor League"
"TXRD | VIP Season Passes & GA Ticket Bundles","https://www.universe.com/events/txrd-vip-season-passes-ga-ticket-bundles-tickets-LPRM0T?ref=ticketmaster","event","2024-11-25",NA,NA,"78610","Buda","Texas","United States Of America","1131 S Loop 4",NA,NA,NA
"Inside Edge Meet the Team",NA,"event","2024-12-02",NA,NA,"19145","Philadelphia","Pennsylvania","United States Of America","3601 South Broad St",NA,NA,NA
"Holiday Skate- Harbaugh Village, Mullica Hill NJ",NA,"event","2024-12-10",NA,NA,"19145","Philadelphia","Pennsylvania","United States Of America","3601 South Broad St",NA,NA,NA
"NM Runners Season Tickets 2024-2025","https://www.ticketmaster.com/nm-runners-season-tickets-20242025-rio-rancho-new-mexico-12-29-2024/event/1E006197B19D1F09","event","2024-12-29",NA,NA,"87144","Rio Rancho","New Mexico","United States Of America","3001 Civic Center Circle","Sports","Soccer","Soccer"
"Ticket for you  + 1 for ALL 2025 shows!","https://www.ticketweb.com/event/ticket-for-you-blue-moon-saloon-tickets/14158823","event","2025-01-09","199","199","70501","Lafayette","Louisiana","United States Of America","215 E Convent St","Music","World","World"
"Broadway Holiday Package 2024-25","https://www.ticketmaster.com/broadway-holiday-package-202425-davenport-iowa-01-15-2025/event/060060A9C6AA50D3","event","2025-01-15",NA,NA,"52801","Davenport","Iowa","United States Of America","136 E 3rd St","Arts & Theatre","Theatre","Musical"
"JAMZ School Dance  1/25/25",NA,"event","2025-01-25",NA,NA,"89103","Las Vegas","Nevada","United States Of America","4500 W. Tropicana Avenue",NA,NA,NA
"USA Curling National Championship","https://www.ticketweb.com/event/usa-curling-national-championship-duluth-entertainment-convention-center-tickets/13931563","event","2025-01-27","95.08","241.09","55802","Duluth","Minnesota","United States Of America","350 Harbor Dr","Miscellaneous",NA,NA
"Test Scan",NA,"event","2025-01-28",NA,NA,"33309","Fort Lauderdale","Florida","United States Of America","5201 NW 12th Avenue",NA,NA,NA
"Patriots Hall of Fame - January 28, 2025",NA,"event","2025-01-28",NA,NA,"2035","Foxborough","Massachusetts","United States Of America","1 Patriot Place",NA,NA,NA
"Maryland Terrapins Mens Basketball vs. Wisconsin Badgers Mens Basketball","https://www.ticketmaster.com/event/Z7r9jZ1A78070","event","2025-01-29",NA,NA,"20742","College Park","Maryland","United States Of America",NA,"Sports","Basketball","College"
"Wisconsin Badgers Womens Basketball vs. Michigan Wolverines Womens Basketball","https://www.ticketmaster.com/event/Z7r9jZ1A78YQ3","event","2025-01-29",NA,NA,"53711","Madison","Wisconsin","United States Of America","601 W. Dayton St.","Sports","Basketball","College"
"Texas Tech Red Raiders Mens Basketball vs. TCU Horned Frogs Mens Basketball","https://www.ticketmaster.com/event/Z7r9jZ1A78YbI","event","2025-01-29",NA,NA,"79409","Lubbock","Texas","United States Of America","1701 Indiana Ave.","Sports","Basketball","College"
"West Virginia Mountaineers Mens Basketball vs. Houston Cougars Mens Basketball","https://www.ticketmaster.com/event/Z7r9jZ1A78sjg","event","2025-01-29",NA,NA,"26505","Morgantown","West Virginia","United States Of America","401 Grand Central Station Dr","Sports","Basketball","College"
"Kansas State Wildcats Mens Basketball vs. Oklahoma State Cowboys Mens Basketball","https://www.ticketmaster.com/event/Z7r9jZ1A78tqV","event","2025-01-29",NA,NA,"66502","Manhattan","Kansas","United States Of America","1800 College Ave","Sports","Basketball","College"
"Northwestern Wildcats Mens Basketball vs. Rutgers Scarlet Knights Mens Basketball","https://www.ticketmaster.com/event/Z7r9jZ1A78xGJ","event","2025-01-29",NA,NA,"60201","Evanston","Illinois","United States Of America","1501 Central St.","Sports","Basketball","College"
"TUE January 28, 2025 - Ohio Stadium Tours",NA,"event","2025-01-28",NA,NA,"43210","Columbus","Ohio","United States Of America","411 Woody Hayes Dr.",NA,NA,NA
"2025 Gratuity added on to group outing drink tickets",NA,"event","2025-01-28",NA,NA,"34293","Venice","Florida","United States Of America","18800 S West Villages Parkway",NA,NA,NA
"Sixers VS Lakers",NA,"event","2025-01-28",NA,NA,"19145","Philadelphia","Pennsylvania","United States Of America","3601 South Broad St",NA,NA,NA
"2024-25 Hotel Rebate",NA,"event","2025-01-28",NA,NA,"32202","Jacksonville","Florida","United States Of America","1 EverBank Stadium Drive",NA,NA,NA
"STUDENT- Butler vs. Marquette",NA,"event","2025-01-28",NA,NA,"46208","Indianapolis","Indiana","United States Of America","510 W. 49th St.",NA,NA,NA
"MANIA: The ABBA Tribute","https://www.ticketmaster.com/mania-the-abba-tribute-tucson-arizona-01-28-2025/event/1900612ACA3B3B02","event","2025-01-28","27.5","64.5","85701","Tucson","Arizona","United States Of America","318 Congress St","Music","Undefined","Undefined"
"Utah Pass Guest - Cincinnati",NA,"event","2025-01-28",NA,NA,"84112","Salt Lake City","Utah","United States Of America","1825 S Campus Dr",NA,NA,NA
"2024-25 Men's Basketball MUSS - Cincinnati",NA,"event","2025-01-28",NA,NA,"84112","Salt Lake City","Utah","United States Of America","1825 S Campus Dr",NA,NA,NA
"The Sphere Experience: Postcard from Earth",NA,"event","2025-01-28",NA,NA,"89169","Las Vegas","Nevada","United States Of America","255 Sands Avenue",NA,NA,NA
"Awakening Buffet Offer",NA,"event","2025-01-28",NA,NA,"89109","Las Vegas","Nevada","United States Of America","3131 Las Vegas Blvd",NA,NA,NA
"Awakening Safta Offer",NA,"event","2025-01-28",NA,NA,"89109","Las Vegas","Nevada","United States Of America","3131 Las Vegas Blvd",NA,NA,NA
"All Access Pass – Arena Tours",NA,"event","2025-01-28",NA,NA,"98109","Seattle","Washington","United States Of America","334 1st Ave N",NA,NA,NA
"Blue Man Group",NA,"event","2025-01-28",NA,NA,"89109","Las Vegas","Nevada","United States Of America",NA,NA,NA,NA
"1/28/2025 Tue. Overtime Experience",NA,"event","2025-01-28",NA,NA,"89118","Las Vegas ","Nevada","United States Of America","3333 Al Davis Way",NA,NA,NA
"Carrot Top at Luxor",NA,"event","2025-01-28",NA,NA,"89109","Las Vegas","Nevada","United States Of America","3900 Las Vegas Blvd South",NA,NA,NA
"2025 Group Tour",NA,"event","2025-01-28",NA,NA,"92101","San Diego","California","United States Of America","100 Park Ave",NA,NA,NA
"Radio City Music Hall Tour Experience","https://www.ticketmaster.com/radio-city-music-hall-tour-experience-new-york-new-york-01-29-2025/event/3C00607DFA5314C4","event","2025-01-29","33","33","10020","New York","New York","United States Of America","1260 Avenue of the Americas","Miscellaneous","Undefined","Undefined"
"Madison Square Garden Tour Experience","https://www.ticketmaster.com/madison-square-garden-tour-experience-new-york-new-york-01-29-2025/event/3B0060A9E3E71624","event","2025-01-29","37","37","10001","New York","New York","United States Of America","7th Ave & 32nd Street","Miscellaneous","Undefined","Undefined"
"Classic Tour at Yankee Stadium","https://www.ticketmaster.com/classic-tour-at-yankee-stadium-bronx-new-york-01-29-2025/event/1D006172B15D17D8","event","2025-01-29","35","35","10451","Bronx","New York","United States Of America","1 East 161st Street","Sports","Baseball","MLB"
"Wang Theatre Tours","https://www.ticketmaster.com/wang-theatre-tours-boston-massachusetts-01-29-2025/event/01006161ACF738D8","event","2025-01-29","25","25","2116","Boston","Massachusetts","United States Of America","270 Tremont Street","Miscellaneous","Undefined","Undefined"
"Tours: Truist Park","https://www.ticketmaster.com/tours-truist-park-atlanta-georgia-01-29-2025/event/0E00617BCD303065","event","2025-01-29","35","35","30339","Atlanta","Georgia","United States Of America","755 Battery Avenue","Sports","Baseball","MLB"
"Fantasy",NA,"event","2025-01-28",NA,NA,"89109","Las Vegas","Nevada","United States Of America","3900 Las Vegas Blvd South",NA,NA,NA
"Allegiant Stadium Tours","https://www.ticketmaster.com/allegiant-stadium-tours-las-vegas-nevada-01-29-2025/event/1700615090D0139D","event","2025-01-29","65.99","65.99","89118","Las Vegas","Nevada","United States Of America","3333 Al Davis Way","Miscellaneous","Undefined","Undefined"
"Eiffel Tower Viewing Deck","https://www.ticketmaster.com/eiffel-tower-viewing-deck-las-vegas-nevada-01-29-2025/event/3900614BFA287C96","event","2025-01-29","19","25","89109","Las Vegas","Nevada","United States Of America","3655 Las Vegas Blvd South","Miscellaneous","Family","Other"
"Fly LINQ Zipline at THE LINQ","https://www.ticketmaster.com/fly-linq-zipline-at-the-linq-las-vegas-nevada-01-29-2025/event/3900614BE5EF3629","event","2025-01-29","39","54","89109","Las Vegas","Nevada","United States Of America","3545 S Las Vegas Blvd","Miscellaneous","Family","Other"
"High Roller Wheel at The LINQ","https://www.ticketmaster.com/high-roller-wheel-at-the-linq-las-vegas-nevada-01-29-2025/event/3900614BEA903CF3","event","2025-01-29","10","69","89109","Las Vegas","Nevada","United States Of America","3545 Las Vegas Blvd S","Miscellaneous","Family","Other"
"Real Bodies","https://www.ticketmaster.com/real-bodies-las-vegas-nevada-01-29-2025/event/39006175DF90C1AF","event","2025-01-29","20.98","29.98","89109","Las Vegas","Nevada","United States Of America","3645 Las Vegas Blvd. South","Arts & Theatre","Fine Art","Fine Art"
"Discovering King Tut's Tomb","https://www.ticketmaster.com/discovering-king-tuts-tomb-las-vegas-nevada-01-29-2025/event/2E00615FAD870A88","event","2025-01-29","35","35","89119","Las Vegas","Nevada","United States Of America","3900 Las Vegas Boulevard South","Arts & Theatre","Fine Art","Fine Art"
"Bellagio Gallery of Fine Art","https://www.ticketmaster.com/bellagio-gallery-of-fine-art-las-vegas-nevada-01-29-2025/event/2E006150CE1E1D29","event","2025-01-29","19","19","89109","Las Vegas","Nevada","United States Of America","3600 Las Vegas Blvd South","Arts & Theatre","Fine Art","Fine Art"
"Titanic - the Artifact Exhibition","https://www.ticketmaster.com/titanic-the-artifact-exhibition-las-vegas-nevada-01-29-2025/event/2E0061700FBB902C","event","2025-01-29","43","43","89119","Las Vegas","Nevada","United States Of America","3900 Las Vegas Boulevard South","Arts & Theatre","Fine Art","Fine Art"
"Bodies, the Exhibition","https://www.ticketmaster.com/bodies-the-exhibition-las-vegas-nevada-01-29-2025/event/2E00617003288CF0","event","2025-01-29","43","43","89119","Las Vegas","Nevada","United States Of America","3900 Las Vegas Boulevard South","Arts & Theatre","Fine Art","Fine Art"
"The Big Apple Coaster at NYNY","https://www.ticketmaster.com/the-big-apple-coaster-at-nyny-las-vegas-nevada-01-29-2025/event/2E00616693560E22","event","2025-01-29","25","25","89109","Las Vegas","Nevada","United States Of America","3790 S Las Vegas Blvd","Miscellaneous","Undefined","Undefined"
"Dolby Theatre Guided Tour","https://www.ticketmaster.com/dolby-theatre-guided-tour-hollywood-california-01-29-2025/event/0900618BE14930AE","event","2025-01-29","25","25","90028","Hollywood","California","United States Of America","6801 Hollywood Blvd","Miscellaneous","Undefined","Undefined"
"Snapdragon Stadium Tours","https://www.ticketmaster.com/snapdragon-stadium-tours-san-diego-california-01-29-2025/event/0A00615686CC16C6","event","2025-01-29","30","30","92108","San Diego","California","United States Of America","2101 Stadium Way","Miscellaneous","Undefined","Undefined"
"Petco Park Tours","https://www.ticketmaster.com/petco-park-tours-san-diego-california-01-29-2025/event/0A006164AADF27D1","event","2025-01-29","42.5","42.5","92101","San Diego","California","United States Of America","100 Park Blvd","Sports","Baseball","MLB"
"LA Clippers v Phoenix Suns",NA,"event","2025-01-29",NA,NA,"90304","Inglewood","California","United States Of America","4020 W Century Blvd",NA,NA,NA
"LA Clippers v Orlando Magic Suites",NA,"event","2025-01-29",NA,NA,"90304","Inglewood","California","United States Of America","4020 W Century Blvd",NA,NA,NA
"Subscription - 11/27/24 Z",NA,"event","2025-01-29",NA,NA,"90304","Inglewood","California","United States Of America","4020 W Century Blvd",NA,NA,NA
"USA Curling National Championship","https://www.ticketweb.com/event/usa-curling-national-championship-decc-arena-tickets/13931893","event","2025-01-29","8.46","54.3","55802","Duluth","Minnesota","United States Of America","350 Harbor Drive","Miscellaneous",NA,NA
"Museum Admission","https://www.universe.com/events/museum-admission-tickets-MPTN9Y?ref=ticketmaster","event","2025-01-29",NA,NA,"70501","Lafayette","Louisiana","United States Of America","433 Jefferson Street",NA,NA,NA
"Harry Benson: Washington DC 1/29 10 AM",NA,"event","2025-01-29",NA,NA,NA,NA,NA,"United States Of America",NA,NA,NA,NA
"Neyland Stadium Tour 1/29/25",NA,"event","2025-01-29",NA,NA,NA,NA,NA,"United States Of America","3700 Glenwood Avenue",NA,NA,NA
"Toby's Dinner Theatre Presents: 9 to 5 The Musical","https://www.ticketmaster.com/tobys-dinner-theatre-presents-9-to-columbia-maryland-01-29-2025/event/15006139C17C4445","event","2025-01-29","84","84","21044","Columbia","Maryland","United States Of America","5900 Symphony Woods Road","Arts & Theatre","Theatre","Musical"
"Peter Pan",NA,"event","2025-01-29",NA,NA,"2111","Boston","Massachusetts","United States Of America","539 Washington Street",NA,NA,NA
"Ride and Dine with Us!","https://www.ticketweb.com/event/ride-and-dine-with-us-hard-rock-cafe-tickets/13815563?REFERRAL_ID=tmfeed","event","2025-01-29",NA,NA,"33132","Miami","Florida","United States Of America","401 Biscayne Blvd","Miscellaneous","Undefined","Undefined"
"Minnesota Vikings Museum Tickets Jan. 29",NA,"event","2025-01-29",NA,NA,"55121","Eagan",NA,"United States Of America","2645 Vikings Circle",NA,NA,NA
"Championship Meet",NA,"event","2025-01-29",NA,NA,"33009","Hallandale Beach","Florida","United States Of America","901 S Federal Highway",NA,NA,NA
"January 29th Tours",NA,"event","2025-01-29",NA,NA,"85004","Phoenix","Arizona","United States Of America","401 E. Jefferson",NA,NA,NA
"Cirque Kalabanté: Afrique en Cirque",NA,"event","2025-01-29",NA,NA,"53202","Milwaukee","Wisconsin","United States Of America","929 N Water St",NA,NA,NA
"OKLAHOMA CITY BLUE CLUB SEATS",NA,"event","2025-01-29",NA,NA,"74103","Tulsa","Oklahoma","United States Of America","200 South Denver Avenue West",NA,NA,NA
"OKLAHOMA CITY BLUE SUITES",NA,"event","2025-01-29",NA,NA,"74103","Tulsa","Oklahoma","United States Of America","200 South Denver Avenue West",NA,NA,NA
"Harry Benson: Washington DC 1/29 12 PM",NA,"event","2025-01-29",NA,NA,NA,NA,NA,"United States Of America",NA,NA,NA,NA
"2024 Blue Tulsa Field Trip Day",NA,"event","2025-01-29",NA,NA,"74103","Tulsa","Oklahoma","United States Of America","200 South Denver Ave W",NA,NA,NA
"OKLAHOMA CITY BLUE UPCHARGE",NA,"event","2025-01-29",NA,NA,"74103","Tulsa","Oklahoma","United States Of America","200 South Denver Avenue West",NA,NA,NA
"Simulcast",NA,"event","2025-01-29",NA,NA,"40208","Louisville","Kentucky","United States Of America","700 Central Avenue",NA,NA,NA
"Saint Louis Billikens Women's Basketball vs. George Mason University Patriots Womens Basketball","https://www.ticketmaster.com/saint-louis-billikens-womens-basketball-vs-saint-louis-missouri-01-29-2025/event/06006155B93E3875","event","2025-01-29","10","20","63103","Saint Louis","Missouri","United States Of America","1 South Compton Ave.","Sports","Basketball","College"
"Lunch",NA,"event","2025-01-29",NA,NA,"60181","Oakbrook Terrace","Illinois","United States Of America","100 Drury Lane",NA,NA,NA
"MJ","https://www.ticketmaster.com/mj-new-york-new-york-01-29-2025/event/Z1r9uZrrZbpZ1AvZKfg","event","2025-01-29",NA,NA,"10019","New York","New York","United States Of America","250 West 52nd Street","Arts & Theatre","Theatre","Musical"
"MJ","https://www.ticketmaster.com/event/Z7r9jZ1A7u9jO","event","2025-01-29",NA,NA,"10019","New York","New York","United States Of America","250 West 52nd St.","Arts & Theatre","Miscellaneous","Miscellaneous"
"Gondolas",NA,"event","2025-01-29",NA,NA,"89109","Las Vegas","Nevada","United States Of America","3355 S Las Vegas Blvd",NA,NA,NA
"Shark Reef Aquarium",NA,"event","2025-01-29",NA,NA,"89119","Las Vegas","Nevada","United States Of America","3950 S Las Vegas Blvd",NA,NA,NA
"Artist Friendly | Joshua Roberts","https://veeps.com/artistfriendly/4c2d1b51-e5ea-40ae-9425-5d54f2e9dca2","event","2025-01-29",NA,NA,NA,NA,"California","United States Of America",NA,"Music",NA,NA
"Nickel Boys (Open Caption Showing)","https://www.ticketmaster.com/nickel-boys-open-caption-showing-middletown-new-york-01-29-2025/event/30006235DA4D1C69","event","2025-01-29","7","7","10940","Middletown","New York","United States Of America","17 South Street","Film","Drama","Drama"
"Death Becomes Her","https://www.ticketmaster.com/death-becomes-her-new-york-new-york-01-29-2025/event/Z1r9uZrrZbpZ1AvZbPb","event","2025-01-29",NA,NA,"10036","New York","New York","United States Of America","205 West 46th Street","Arts & Theatre","Theatre","Musical"
"Maybe Happy Ending","https://www.ticketmaster.com/maybe-happy-ending-new-york-new-york-01-29-2025/event/Z1r9uZruZqGZ170yj3","event","2025-01-29",NA,NA,"10036","New York","New York","United States Of America","111 W 44th St","Arts & Theatre","Theatre","Musical"
"Left on Tenth","https://www.ticketmaster.com/left-on-tenth-new-york-new-york-01-29-2025/event/Z1r9uZruZqGZ17P7AU","event","2025-01-29",NA,NA,"10036","New York","New York","United States Of America","138 W 48th St","Arts & Theatre","Theatre","Musical"
"Romeo + Juliet","https://www.ticketmaster.com/romeo-juliet-new-york-new-york-01-29-2025/event/Z1r9uZruZqGZ17PZP9","event","2025-01-29",NA,NA,"10019","New York","New York","United States Of America","235 W 50th St","Arts & Theatre","Theatre","Drama"
"The Play That Goes Wrong","https://www.ticketmaster.com/the-play-that-goes-wrong-new-york-new-york-01-29-2025/event/Z1r9uZruZqGZ17Pdf7","event","2025-01-29",NA,NA,"10019","New York","New York","United States Of America","340 W 50th St","Arts & Theatre","Theatre","Comedy"
"Hell's Kitchen","https://www.ticketmaster.com/hells-kitchen-new-york-new-york-01-29-2025/event/Z1r9uZruZqGZ17Pexe","event","2025-01-29",NA,NA,"10036","New York","New York","United States Of America","225 W 44th St","Arts & Theatre","Theatre","Musical"
"The Outsiders","https://www.ticketmaster.com/the-outsiders-new-york-new-york-01-29-2025/event/Z1r9uZruZqGZ17Pf-K","event","2025-01-29",NA,NA,"10036","New York","New York","United States Of America","242 W 45th St","Arts & Theatre","Theatre","Musical"
"Eureka Day","https://www.ticketmaster.com/eureka-day-new-york-new-york-01-29-2025/event/Z1r9uZruZqGZ17Pfq_","event","2025-01-29",NA,NA,"10036","New York","New York","United States Of America","261 W 47th St,","Arts & Theatre","Theatre","Drama"
"Gypsy","https://www.ticketmaster.com/gypsy-new-york-new-york-01-29-2025/event/Z1r9uZruZqGZ17PveZ","event","2025-01-29",NA,NA,"10036","New York","New York","United States Of America","245 West 44th Street","Arts & Theatre","Theatre","Musical"
"Funny Girl (Touring)","https://www.ticketmaster.com/event/Z7r9jZ1A71vo0","event","2025-01-29",NA,NA,"33401","West Palm Beach","Florida","United States Of America","701 Okeechobee Blvd.","Arts & Theatre","Theatre","Musical"
"Romeo And Juliet","https://www.ticketmaster.com/event/Z7r9jZ1A73opb","event","2025-01-29",NA,NA,"10019","New York","New York","United States Of America","235 W 50th St","Arts & Theatre","Performance Art","Performance Art"
"English","https://www.ticketmaster.com/event/Z7r9jZ1A784aK","event","2025-01-29",NA,NA,"10036","New York","New York","United States Of America","227 West 42nd Street","Undefined",NA,NA
"The Outsiders","https://www.ticketmaster.com/event/Z7r9jZ1A78NA0","event","2025-01-29",NA,NA,"10036","New York","New York","United States Of America","242 W 45th St","Arts & Theatre","Miscellaneous","Miscellaneous"
"Hadestown","https://www.ticketmaster.com/event/Z7r9jZ1A78y_y","event","2025-01-29",NA,NA,"10036","New York","New York","United States Of America","219 West 48th St.","Arts & Theatre","Miscellaneous","Miscellaneous"
"Moulin Rouge","https://www.ticketmaster.com/event/Z7r9jZ1A7C8fP","event","2025-01-29",NA,NA,"10036","New York","New York","United States Of America","302 West 45th Street","Arts & Theatre","Theatre","Musical"
"Gypsy","https://www.ticketmaster.com/event/Z7r9jZ1A7GF-v","event","2025-01-29",NA,NA,"10036","New York","New York","United States Of America","245 W. 44th St.","Arts & Theatre","Theatre","Musical"
"Death Becomes Her","https://www.ticketmaster.com/event/Z7r9jZ1A7GK8e","event","2025-01-29",NA,NA,"10036","New York","New York","United States Of America","205 W 46th St","Undefined",NA,NA
"Back to the Future the Musical","https://www.ticketmaster.com/event/Z7r9jZ1A7GpG9","event","2025-01-29",NA,NA,"10019","New York","New York","United States Of America","1634 Broadway","Arts & Theatre","Theatre","Musical"
"Sunset Boulevard","https://www.ticketmaster.com/event/Z7r9jZ1A7aZoI","event","2025-01-29",NA,NA,"10036","New York","New York","United States Of America","246 W. 44th St.","Arts & Theatre","Performance Art","Performance Art"
"Cabaret","https://www.ticketmaster.com/event/Z7r9jZ1A7oMu3","event","2025-01-29",NA,NA,"10019","New York","New York","United States Of America","245 W. 52nd St.","Arts & Theatre","Theatre","Musical"
"& Juliet","https://www.ticketmaster.com/event/Z7r9jZ1A7okkd","event","2025-01-29",NA,NA,"10036","New York","New York","United States Of America","124 W 43rd St","Arts & Theatre","Theatre","Musical"
"Maybe Happy Ending","https://www.ticketmaster.com/event/Z7r9jZ1A7uKG_","event","2025-01-29",NA,NA,"10036","New York","New York","United States Of America","111 W. 44th St.","Undefined",NA,NA
"Hell's Kitchen","https://www.ticketmaster.com/event/Z7r9jZ1A7ubPJ","event","2025-01-29",NA,NA,"10036","New York","New York","United States Of America","225 W 44th St","Arts & Theatre","Theatre","Musical"
"Harry Benson: Washington DC 1/29 2 PM",NA,"event","2025-01-29",NA,NA,NA,NA,NA,"United States Of America",NA,NA,NA,NA
"Driving Miss Daisy",NA,"event","2025-01-29",NA,NA,"19107","Philadelphia","Pennsylvania","United States Of America","825 Walnut Street",NA,NA,NA
"Northlight Theatre presents The Heart Sellers","https://www.ticketmaster.com/northlight-theatre-presents-the-heart-sellers-skokie-illinois-01-29-2025/event/07006183FB73487A","event","2025-01-29","35","59","60077","Skokie","Illinois","United States Of America","9501 Skokie Blvd","Arts & Theatre","Theatre","Comedy"
"Harry Potter and the Cursed Child (Chicago)","https://www.ticketmaster.com/harry-potter-and-the-cursed-child-chicago-illinois-01-29-2025/event/07006048EF4F4886","event","2025-01-29","49.5","149.5","60601","Chicago","Illinois","United States Of America","24 W Randolph","Arts & Theatre","Theatre","Drama"
"Walnut Street Theatre's DRIVING MISS DAISY","https://www.ticketmaster.com/walnut-street-theatres-driving-miss-daisy-philadelphia-pennsylvania-01-29-2025/event/020060D3D09E538D","event","2025-01-29","25","107","19107","Philadelphia","Pennsylvania","United States Of America","825 Walnut Street","Arts & Theatre","Theatre","Comedy"
"Footloose the Musical","https://www.ticketmaster.com/footloose-the-musical-rochester-michigan-01-29-2025/event/080060FEA56A36A9","event","2025-01-29","46","46","48309","Rochester","Michigan","United States Of America","207 Wilson Hall, Oakland University","Arts & Theatre","Theatre","Musical"
"Immersive Van Gogh - Las Vegas 2025","https://www.universe.com/events/immersive-van-gogh-las-vegas-2025-tickets-WKNLC6?ref=ticketmaster","event","2025-01-29",NA,NA,"89158","Las Vegas","Nevada","United States Of America","3720 S Las Vegas Blvd","Arts & Theatre","Fine Art","Fine Art"
"Beautiful",NA,"event","2025-01-29",NA,NA,"60181","Oakbrook Terrace","Illinois","United States Of America","100 Drury Lane",NA,NA,NA
"Wolf Man: The Imax Experience","https://www.ticketmaster.com/wolf-man-the-imax-experience-atlantic-city-new-jersey-01-29-2025/event/0200619AAE052EA8","event","2025-01-29","20.5","20.5","8401","Atlantic City","New Jersey","United States Of America","2831 Boardwalk Ave","Film","Horror","Horror"
"Drury Lane Presents: Beautiful the Carole King Musical","https://am.ticketmaster.com/drurylane/buy?id=MTQ3","event","2025-01-29",NA,NA,"60181","Oakbrook Terrace","Illinois","United States Of America","100 Drury Lane","Arts & Theatre","Theatre","Musical"
"GEODIS Park Stadium Tours - Wednesday, January 29th",NA,"event","2025-01-29",NA,NA,"37204","Nashville","Tennessee","United States Of America","501 Benton Ave",NA,NA,NA
"Balloon Museum (1pm-6pm)","https://www.ticketweb.com/event/balloon-museum-1pm-6pm-ace-mission-studios-tickets/14174923?REFERRAL_ID=tmfeed","event","2025-01-29",NA,NA,"90033","Los Angeles","California","United States Of America","516 S Mission Rd","Miscellaneous","Fairs & Festivals","Fairs & Festivals"
"Enter Through The Museum","https://www.universe.com/events/enter-through-the-museum-tickets-743SGR?ref=ticketmaster","event","2025-01-29",NA,NA,"90210","Beverly Hills","California","United States Of America","465 N Beverly Dr","Arts & Theatre","Fine Art","Fine Art"
"01/29/2025 Guided Stadium Tour",NA,"event","2025-01-29",NA,NA,"64129","Kansas City","Missouri","United States Of America","One Arrowhead Dr",NA,NA,NA
"Harry Benson: Washington DC 1/29 4 PM",NA,"event","2025-01-29",NA,NA,NA,NA,NA,"United States Of America",NA,NA,NA,NA
"Patriots Hall of Fame - January 29, 2025",NA,"event","2025-01-29",NA,NA,"2035","Foxborough","Massachusetts","United States Of America","1 Patriot Place",NA,NA,NA
"Long Island Nets Vs. Greensboro Swarm","https://www.ticketmaster.com/long-island-nets-vs-greensboro-swarm-uniondale-new-york-01-29-2025/event/0000611DD10D78F4","event","2025-01-29","27","116","11553","Uniondale","New York","United States Of America","1255 Hempstead Turnpike","Sports","Basketball","NBA D League"
"Wolf Man: The Imax Experience","https://www.ticketmaster.com/wolf-man-the-imax-experience-atlantic-city-new-jersey-01-29-2025/event/0200619AAE062EB2","event","2025-01-29","20.5","20.5","8401","Atlantic City","New Jersey","United States Of America","2831 Boardwalk Ave","Film","Horror","Horror"
"Wicked (Touring)","https://www.ticketmaster.com/wicked-touring-los-angeles-california-01-29-2025/event/0B00622891240B33","event","2025-01-29","47.25","249","90028","Los Angeles","California","United States Of America","6233 Hollywood Blvd.","Arts & Theatre","Theatre","Musical"
"Cirque du Soleil: Drawn to Life","https://www.ticketmaster.com/event/Z7r9jZ1A7ozqA","event","2025-01-29",NA,NA,"32830","Orlando","Florida","United States Of America",NA,"Arts & Theatre","Miscellaneous","Miscellaneous"
"HEAT Influencer Pass",NA,"event","2025-01-29",NA,NA,"33132","Miami","Florida","United States Of America","601 Biscayne Blvd",NA,NA,NA
"David Ostwald's Louis Armstrong Eternity Band","https://www.ticketweb.com/event/david-ostwalds-louis-armstrong-eternity-birdland-theater-tickets/13943573","event","2025-01-29","35.46","45.76","10036","New York","New York","United States Of America","315 West 44th Street","Music","Jazz","Jazz"
"VSU Trojans WBB/MBB vs. BSU (Greek Night & Double-Header)","https://www.ticketmaster.com/vsu-trojans-wbbmbb-vs-bsu-greek-petersburg-virginia-01-29-2025/event/0100614BBFEE5E63","event","2025-01-29","15","40","23803","Petersburg","Virginia","United States Of America","20809 2nd Avenue","Sports","Basketball","College"
"Eastville Open Mic Spectacular","https://www.ticketweb.com/event/eastville-open-mic-spectacular-eastville-comedy-club-tickets/14193093?REFERRAL_ID=tmfeed","event","2025-01-29",NA,NA,"11217","Brooklyn","New York","United States Of America","487 Atlantic Avenue","Arts & Theatre","Comedy","Comedy"
"Toby's Dinner Theatre Presents: 9 to 5 The Musical","https://www.ticketmaster.com/tobys-dinner-theatre-presents-9-to-columbia-maryland-01-29-2025/event/15006139C17A4441","event","2025-01-29","84","84","21044","Columbia","Maryland","United States Of America","5900 Symphony Woods Road","Arts & Theatre","Theatre","Musical"
"Northern Kentucky Norse Womens Basketball vs. University of Detroit Mercy Womens Basketball","https://www.ticketmaster.com/northern-kentucky-norse-womens-basketball-vs-highland-heights-kentucky-01-29-2025/event/16006134B3862C32","event","2025-01-29","12","12","41099","Highland Heights","Kentucky","United States Of America","500 Nunn Drive","Sports","Basketball","College"
"Furman Paladins vs. Samford Men's Basketball","https://www.ticketmaster.com/furman-paladins-vs-samford-mens-basketball-greenville-south-carolina-01-29-2025/event/2D00615997103038","event","2025-01-29","15","125","29601","Greenville","South Carolina","United States Of America","650 North Academy Street","Sports","Basketball","College"
"Mac King","https://www.ticketmaster.com/mac-king-las-vegas-nevada-01-29-2025/event/2E00612D9CE7107B","event","2025-01-29","52.95","62.95","89109","Las Vegas","Nevada","United States Of America","3850 s las vegas blvd","Arts & Theatre","Magic & Illusion","Magic"
"Las Vegas - Immersive Disney Animation 2025","https://www.universe.com/events/las-vegas-immersive-disney-animation-2025-tickets-PHYFW4?ref=ticketmaster","event","2025-01-29",NA,NA,"89158","Las Vegas","Nevada","United States Of America","3720 S Las Vegas Blvd","Miscellaneous","Undefined","Undefined"
"Penn State Nittany Lions Womens Basketball vs. Maryland Terrapins Womens Basketball","https://www.ticketmaster.com/event/Z7r9jZ1A78MZz","event","2025-01-29",NA,NA,"16802","University Park","Pennsylvania","United States Of America","Atherton Street","Sports","Basketball","College"
"S-2024-25 NKU WBB vs Detroit Mercy",NA,"event","2025-01-29",NA,NA,"41099","Highland Heights","Kentucky","United States Of America","500 Nunn Drive",NA,NA,NA
"Womens Basketball - PSU vs Maryland",NA,"event","2025-01-29",NA,NA,"16802","University Park","Pennsylvania","United States Of America","Atherton Street",NA,NA,NA
"Lady Lions v Maryland",NA,"event","2025-01-29",NA,NA,"16802","University Park","Pennsylvania","United States Of America","127 Bryce Jordan Center",NA,NA,NA
"Grace Gardner","https://www.ticketmaster.com/grace-gardner-new-york-new-york-01-29-2025/event/0000618DC9D45BA0","event","2025-01-29","17.65","17.65","10002","New York","New York","United States Of America","217 East Houston St.","Music","Pop","Pop"
"Sonic Chambers Quartet","https://www.ticketweb.com/event/sonic-chambers-quartet-snug-harbor-jazz-bistro-tickets/14134763","event","2025-01-29",NA,NA,"70116","New Orleans","Louisiana","United States Of America","626 Frenchmen St","Music","Jazz","Avant-Garde Jazz"
"LAP_Sens Pete the Cat",NA,"event","2025-01-29",NA,NA,"33314","Fort Lauderdale","Florida","United States Of America","3100 Ray Ferrero Jr Blvd",NA,NA,NA
"Line Dancing w/ Ashley","https://www.ticketweb.com/event/line-dancing-w-ashley-diamondback-music-hall-tickets/14140883","event","2025-01-29","10","15","48111","Belleville","Michigan","United States Of America","49345 S Interstate 94 Service Dr","Miscellaneous",NA,NA
"Maeve | Dearest | Allie Sandt","https://www.ticketweb.com/event/maeve-dearest-allie-heaven-can-wait-tickets/14023893","event","2025-01-29","11.55","11.55","10009","New York","New York","United States Of America","169 Avenue A","Music","Pop","Pop"
"Maeve | Dearest | Allie Sandt","https://www.ticketweb.com/event/maeve-dearest-allie-heaven-can-wait-tickets/14023893","event","2025-01-29","11.55","11.55","10009","New York","New York","United States Of America","169 Avenue A","Music","Other",NA
"IU Indianapolis Jaguars Women's Basketball vs. Wisconsin Milwaukee Panthers Women's Basketball","https://www.ticketmaster.com/iu-indianapolis-jaguars-womens-basketball-vs-indianapolis-indiana-01-29-2025/event/0500615FC86772D7","event","2025-01-29","10","10","46202","Indianapolis","Indiana","United States Of America","901 West New York Street","Sports","Basketball","College"
"Pete The Cat","https://www.ticketmaster.com/pete-the-cat-ft-lauderdale-florida-01-29-2025/event/0D00612ADA902782","event","2025-01-29","18","18","33314","Ft Lauderdale","Florida","United States Of America","3100 Ray Ferrero Jr. Blvd.","Arts & Theatre","Children's Theatre","Children's Theatre"
"All Star Stand Up Comedy","https://www.ticketweb.com/event/all-star-stand-up-comedy-broadway-comedy-club-tickets/13911353?REFERRAL_ID=tmfeed","event","2025-01-29",NA,NA,"10009","New York City","New York","United States Of America","318 W. 53rd St","Arts & Theatre","Comedy","Comedy"
"Suite: Wizards vs Raptors","https://fevo-enterprise.com/event/2024257320240903-112227112","event","2025-01-29",NA,NA,"20004","Washington","District of Columbia","United States Of America","601 F Street NW","Sports","Basketball","NBA"
"Morgan Wade: The Obsessed Tour","https://www.ticketmaster.com/morgan-wade-the-obsessed-tour-washington-district-of-columbia-01-29-2025/event/15006142D4554317","event","2025-01-29","30","30","20001","Washington","District of Columbia","United States Of America","815 V Street N.W. ","Music","Country","Country"
"MBB vs. Loyola Chicago","https://www.ticketmaster.com/mbb-vs-loyola-chicago-fairfax-virginia-01-29-2025/event/15006151E5888835","event","2025-01-29","15","50","22030","Fairfax","Virginia","United States Of America","4500 Patriot Circle","Sports","Basketball","College"
"Paranormal Mind Reading Magic","https://www.ticketmaster.com/paranormal-mind-reading-magic-las-vegas-nevada-01-29-2025/event/3900611EEE572F42","event","2025-01-29","43.11","70.44","89109","Las Vegas","Nevada","United States Of America","3645 Las Vegas Blvd. South","Miscellaneous","Psychics/Mediums/Hypnotists","Psychics/Mediums/Hypnotists"
"UCF Knights Womens Basketball vs. Baylor University Bears Womens Basketball","https://www.ticketmaster.com/ucf-knights-womens-basketball-vs-baylor-orlando-florida-01-29-2025/event/2200613E88331150","event","2025-01-29","5","5","32816","Orlando","Florida","United States Of America","12777 Gemini Blvd","Sports","Basketball","College"
"Harlem Globetrotters 2025 World Tour Presented by Jersey Mike's Subs","https://www.ticketmaster.com/harlem-globetrotters-2025-world-tour-presented-pikeville-kentucky-01-29-2025/event/1600612D943E1DDC","event","2025-01-29","25","319","41501","Pikeville","Kentucky","United States Of America","126 Main Street","Miscellaneous","Family","Other"
"Robert Morris University Colonials Womens Basketball vs. Wright State Raiders Women's Basketball","https://www.ticketmaster.com/robert-morris-university-colonials-womens-basketball-moon-township-pennsylvania-01-29-2025/event/1600610ED1485947","event","2025-01-29","7","24","15108","Moon Township","Pennsylvania","United States Of America","6001 University Blvd","Sports","Basketball","College"
"Washington Wizards vs. Toronto Raptors","https://www.ticketmaster.com/washington-wizards-vs-toronto-raptors-washington-district-of-columbia-01-29-2025/event/1500610EEB294DD8","event","2025-01-29","14","888","20004","Washington","District of Columbia","United States Of America","601 F Street NW","Sports","Basketball","NBA"
"GW Men's Basketball vs Richmond","https://www.ticketmaster.com/gw-mens-basketball-vs-richmond-washington-district-of-columbia-01-29-2025/event/1500613ED7866A2B","event","2025-01-29","10","75","20052","Washington","District of Columbia","United States Of America","600 22nd St. NW ","Sports","Basketball","College"
"FSU Men's Basketball v Virginia Tech - Club Seats","https://www.ticketmaster.com/fsu-mens-basketball-v-virginia-tech-tallahassee-florida-01-29-2025/event/22006148CB5312DF","event","2025-01-29",NA,NA,"32301","Tallahassee","Florida","United States Of America","505 W Pensacola Street","Sports","Basketball","College"
"Charlotte Hornets vs. Brooklyn Nets","https://www.ticketmaster.com/charlotte-hornets-vs-brooklyn-nets-charlotte-north-carolina-01-29-2025/event/2D0060EF066393CE","event","2025-01-29","17","580","28202","Charlotte","North Carolina","United States Of America","333 East Trade Street","Sports","Basketball","NBA"
"Bridgeport Islanders vs. Lehigh Valley Phantoms","https://www.ticketmaster.com/bridgeport-islanders-vs-lehigh-valley-phantoms-bridgeport-connecticut-01-29-2025/event/1D00610FCA41681C","event","2025-01-29","10","50","6604","Bridgeport","Connecticut","United States Of America","600 Main Street","Sports","Hockey","AHL"
"Bridgeport Islanders vs Lehigh Valley - Suite & Premium Seating ","https://fevo-enterprise.com/event/SuitePremiumBRI012925","event","2025-01-29",NA,NA,"6604","Bridgeport","Connecticut","United States Of America","600 Main Street","Sports","Hockey","AHL"
"Six (New York, NY)","https://www.ticketmaster.com/six-new-york-ny-new-york-new-york-01-29-2025/event/Z1r9uZrrZbpZ17J8As","event","2025-01-29",NA,NA,"10036","New York","New York","United States Of America","256 West 47th Street","Arts & Theatre","Theatre","Musical"
"Tammy Faye","https://www.ticketmaster.com/tammy-faye-new-york-new-york-01-29-2025/event/Z1r9uZrrZbpZ17P0-M","event","2025-01-29",NA,NA,"10036","New York","New York","United States Of America","1564 Broadway","Arts & Theatre","Theatre","Musical"
"MJ","https://www.ticketmaster.com/mj-new-york-new-york-01-29-2025/event/Z1r9uZrrZbpZ1AvZKfz","event","2025-01-29",NA,NA,"10019","New York","New York","United States Of America","250 West 52nd Street","Arts & Theatre","Theatre","Musical"
"The Lion King (New York, NY)","https://www.ticketmaster.com/the-lion-king-new-york-ny-new-york-new-york-01-29-2025/event/Z1r9uZrrZbpZ1AvZwQo","event","2025-01-29",NA,NA,"10036","New York","New York","United States Of America","200 West 45th Street","Arts & Theatre","Theatre","Musical"
"Wicked (NY)","https://www.ticketmaster.com/wicked-ny-new-york-new-york-01-29-2025/event/Z1r9uZrrZbpZ1AveZb9","event","2025-01-29",NA,NA,"10019","New York","New York","United States Of America","222 West 51st Street","Arts & Theatre","Theatre","Musical"
"Hamilton (NY)","https://www.ticketmaster.com/hamilton-ny-new-york-new-york-01-29-2025/event/Z1r9uZrrZbpZ1Ave_oe","event","2025-01-29",NA,NA,"10036","New York","New York","United States Of America","226 West 46th Street","Arts & Theatre","Theatre","Musical"
"Little Shop Of Horrors","https://www.ticketmaster.com/little-shop-of-horrors-new-york-new-york-01-29-2025/event/Z1r9uZruZqGZ170JGy","event","2025-01-29",NA,NA,"10036","New York","New York","United States Of America","407 West 43rd Street","Arts & Theatre","Theatre","Musical"
"Maybe Happy Ending","https://www.ticketmaster.com/maybe-happy-ending-new-york-new-york-01-29-2025/event/Z1r9uZruZqGZ170yjS","event","2025-01-29",NA,NA,"10036","New York","New York","United States Of America","111 W 44th St","Arts & Theatre","Theatre","Musical"
"A Guide for the Homesick","https://www.ticketmaster.com/a-guide-for-the-homesick-new-york-new-york-01-29-2025/event/Z1r9uZruZqGZ17P9C6","event","2025-01-29",NA,NA,"10003","New York","New York","United States Of America","103 East 15th Street","Arts & Theatre","Theatre","Drama"
"The Play That Goes Wrong","https://www.ticketmaster.com/the-play-that-goes-wrong-new-york-new-york-01-29-2025/event/Z1r9uZruZqGZ17PdfN","event","2025-01-29",NA,NA,"10019","New York","New York","United States Of America","340 W 50th St","Arts & Theatre","Theatre","Comedy"
"DRAG: The Musical","https://www.ticketmaster.com/drag-the-musical-new-york-new-york-01-29-2025/event/Z1r9uZruZqGZ17PdrA","event","2025-01-29",NA,NA,"10019","New York","New York","United States Of America","340 W 50th St","Arts & Theatre","Theatre","Comedy"
"The Great Gatsby","https://www.ticketmaster.com/the-great-gatsby-new-york-new-york-01-29-2025/event/Z1r9uZruZqGZ17PeoM","event","2025-01-29",NA,NA,"10019","New York","New York","United States Of America","1681 Broadway","Arts & Theatre","Theatre","Musical"
"Eureka Day","https://www.ticketmaster.com/eureka-day-new-york-new-york-01-29-2025/event/Z1r9uZruZqGZ17Pfq0","event","2025-01-29",NA,NA,"10036","New York","New York","United States Of America","261 W 47th St,","Arts & Theatre","Theatre","Drama"
"Titanique","https://www.ticketmaster.com/titanique-new-york-new-york-01-29-2025/event/Z1r9uZruZqGZ17PvqI","event","2025-01-29",NA,NA,"10003","New York","New York","United States Of America","101 E 15th Street","Arts & Theatre","Theatre","Comedy"
"St. Joseph's Hawks Mens Basketball vs. Duquesne Dukes Mens Basketball","https://www.ticketmaster.com/event/Z7r9jZ1A7388N","event","2025-01-29",NA,NA,"19131","Philadelphia","Pennsylvania","United States Of America",NA,"Sports","Basketball","College"
"Toledo Rockets Womens Basketball vs. Miami of Ohio Redhawks Womens Basketball","https://www.ticketmaster.com/event/Z7r9jZ1A73913","event","2025-01-29",NA,NA,"43606","Toledo","Ohio","United States Of America","University of Toledo","Sports","Basketball","College"
"English","https://www.ticketmaster.com/event/Z7r9jZ1A784a3","event","2025-01-29",NA,NA,"10036","New York","New York","United States Of America","227 West 42nd Street","Undefined",NA,NA
"LSU Tigers Mens Basketball vs. Auburn Tigers Mens Basketball","https://www.ticketmaster.com/event/Z7r9jZ1A78Kk6","event","2025-01-29",NA,NA,"70802","Baton Rouge","Louisiana","United States Of America","N Stadium Rd & Nicholson Dr","Sports","Basketball","College"
"LSU Tigers Womens Basketball vs. Oklahoma Sooners Womens Basketball","https://www.ticketmaster.com/event/Z7r9jZ1A78NJK","event","2025-01-30",NA,NA,"70802","Baton Rouge","Louisiana","United States Of America","N Stadium Rd & Nicholson Dr","Sports","Basketball","College"
"Florida State Seminoles Mens Basketball vs. Virginia Tech Hokies Mens Basketball","https://www.ticketmaster.com/event/Z7r9jZ1A78xFp","event","2025-01-29",NA,NA,"32301","Tallahassee","Florida","United States Of America","505 W. Pensacola St.","Sports","Basketball","College"
"Miami Hurricanes Mens Basketball vs. Virginia Cavaliers Mens Basketball","https://www.ticketmaster.com/event/Z7r9jZ1A78xQd","event","2025-01-29",NA,NA,"33146","Miami","Florida","United States Of America","1245 Dauer Drive","Sports","Basketball","College"
"Nebraska Cornhuskers Mens Basketball vs. Illinois Fighting Illini Mens Basketball","https://www.ticketmaster.com/event/Z7r9jZ1A78xaz","event","2025-01-30",NA,NA,"68508","Lincoln","Nebraska","United States Of America","600 R Street","Sports","Basketball","College"
"Drake Bulldogs Mens Basketball vs. Northern Iowa Panthers Mens Basketball","https://www.ticketmaster.com/event/Z7r9jZ1A78zae","event","2025-01-29",NA,NA,"50311","Des Moines","Iowa","United States Of America","2507 University Ave","Sports","Basketball","College"
"Harry Potter and the Cursed Child","https://www.ticketmaster.com/event/Z7r9jZ1A7C6r_","event","2025-01-29",NA,NA,"10036","New York","New York","United States Of America","213 W 42nd St","Arts & Theatre","Performance Art","Performance Art"
"Six: The Musical","https://www.ticketmaster.com/event/Z7r9jZ1A7C8C8","event","2025-01-29",NA,NA,"10036","New York","New York","United States Of America","256 W. 47th St.","Arts & Theatre","Miscellaneous","Miscellaneous"
"Guster","https://www.ticketmaster.com/event/Z7r9jZ1A7CaqK","event","2025-01-29",NA,NA,"48201","Detroit","Michigan","United States Of America","4120 Woodward Ave","Music","Alternative","Alternative Rock"
"Fulton Lee - 18+","https://www.ticketmaster.com/event/Z7r9jZ1A7CvGZ","event","2025-01-29",NA,NA,"48201","Detroit","Michigan","United States Of America","4120 Woodward Ave","Undefined",NA,NA
"Yamato Drummers","https://www.ticketmaster.com/event/Z7r9jZ1A7Gov7","event","2025-01-29",NA,NA,"04469","Orono","Maine","United States Of America","2 Flagstaff Road","Undefined",NA,NA
"Tammy Faye","https://www.ticketmaster.com/event/Z7r9jZ1A7awoU","event","2025-01-29",NA,NA,"10036","New York","New York","United States Of America","1564 Broadway","Undefined",NA,NA
"Wicked","https://www.ticketmaster.com/event/Z7r9jZ1A7o6Fp","event","2025-01-29",NA,NA,"10019","New York","New York","United States Of America","222 West 51st. St.","Arts & Theatre","Theatre","Musical"
"LaSalle Explorers Mens Basketball vs. Fordham Rams Mens Basketball","https://www.ticketmaster.com/event/Z7r9jZ1A7oOGw","event","2025-01-29",NA,NA,"19141","Philadelphia","Pennsylvania","United States Of America","1900 West Olney Avenue","Sports","Basketball","College"
"Rhode Island Rams Mens Basketball vs. UMass Minutemen Mens Basketball","https://www.ticketmaster.com/event/Z7r9jZ1A7odGb","event","2025-01-29",NA,NA,"02881","Kingston","Rhode Island","United States Of America","1 Lincoln Almond Plaza","Sports","Basketball","College"
"Hamilton","https://www.ticketmaster.com/event/Z7r9jZ1A7ok-3","event","2025-01-29",NA,NA,"10036","New York","New York","United States Of America","226 W. 46th St.","Arts & Theatre","Theatre","Musical"
"The Book of Mormon","https://www.ticketmaster.com/event/Z7r9jZ1A7owOw","event","2025-01-29",NA,NA,"10019","New York","New York","United States Of America","230 W 49th St","Arts & Theatre","Theatre","Musical"
"Temple Owls Mens Basketball vs. UNC Charlotte 49ers Mens Basketball","https://www.ticketmaster.com/event/Z7r9jZ1A7ozjv","event","2025-01-29",NA,NA,"19121","Philadelphia","Pennsylvania","United States Of America","1776 North Broad Street","Sports","Basketball","College"
"Florida Panthers vs. Los Angeles Kings","https://www.ticketmaster.com/event/Z7r9jZ1A7u7uo","event","2025-01-29",NA,NA,"33323","Sunrise","Florida","United States Of America","1 Panther Parkway","Sports","Hockey","NHL"
"MJ","https://www.ticketmaster.com/event/Z7r9jZ1A7u9j-","event","2025-01-29",NA,NA,"10019","New York","New York","United States Of America","250 West 52nd St.","Arts & Theatre","Miscellaneous","Miscellaneous"
"Maybe Happy Ending","https://www.ticketmaster.com/event/Z7r9jZ1A7uKGb","event","2025-01-29",NA,NA,"10036","New York","New York","United States Of America","111 W. 44th St.","Undefined",NA,NA
"Grand Rapids Griffins vs. Rockford IceHogs","https://www.ticketmaster.com/event/Z7r9jZ1A7uNPJ","event","2025-01-29",NA,NA,"49503","Grand Rapids","Michigan","United States Of America","130 Fulton St W","Sports","Hockey","Minor League"
"The Lion King","https://www.ticketmaster.com/event/Z7r9jZ1A7uO8z","event","2025-01-29",NA,NA,"10036","New York","New York","United States Of America","1515 Broadway","Arts & Theatre","Theatre","Musical"
"The Great Gatsby","https://www.ticketmaster.com/event/Z7r9jZ1A7ugZI","event","2025-01-29",NA,NA,"10019","New York","New York","United States Of America","1681 Broadway","Arts & Theatre","Miscellaneous","Miscellaneous"
"Adirondack Thunder vs. Norfolk Admirals","https://www.ticketmaster.com/event/Z7r9jZ1A7uzfg","event","2025-01-29",NA,NA,"12801","Glens Falls","New York","United States Of America","1 Civic Center Plz","Sports","Miscellaneous","Miscellaneous"
"Wizards Post Game Pass: 1/29/25",NA,"event","2025-01-29",NA,NA,"20004","Washington","District of Columbia","United States Of America","601 F Street NW",NA,NA,NA
"Furman vs Samford- Suites",NA,"event","2025-01-29",NA,NA,"29601","Greenville","South Carolina","United States Of America","650 N Academy St.",NA,NA,NA
"2425 Fan Experience Package 01/29/2024",NA,"event","2025-01-29",NA,NA,"46204","Indianapolis","Indiana","United States Of America","125 S. Pennsylvania St.",NA,NA,NA
"Player Family Room Pass",NA,"event","2025-01-29",NA,NA,"28202","Charlotte","North Carolina","United States Of America","333 East Trade",NA,NA,NA
"Suite Access Pass - Hornets vs. Nets",NA,"event","2025-01-29",NA,NA,"28202","Charlotte","North Carolina","United States Of America","333 E Trade St",NA,NA,NA
"Block Party Live Show",NA,"event","2025-01-29",NA,NA,"33602","Tampa","Florida","United States Of America","401 Channelside Dr",NA,NA,NA
"Visiting Team Guest Pass - Philadelphia Flyers",NA,"event","2025-01-29",NA,NA,"07102","Newark","New Jersey","United States Of America","25 Lafayette St",NA,NA,NA
"Jan. 29 Pistons Bobble Head Night",NA,"event","2025-01-29",NA,NA,"46204","Indianapolis","Indiana","United States Of America","125 S. Pennsylvania St.",NA,NA,NA
"Suite: Wizards vs Raptors",NA,"event","2025-01-29",NA,NA,"20004","Washington","District of Columbia","United States Of America","601 F Street NW",NA,NA,NA
"UNCG vs. ETSU",NA,"event","2025-01-29",NA,NA,NA,NA,NA,"United States Of America",NA,NA,NA,NA
"Women's Basketball vs. Providence",NA,"event","2025-01-29",NA,NA,"11439","Jamaica","New York","United States Of America","8000 Utopia Parkway",NA,NA,NA
"RENTAL 1/29/2025 Detroit Pistons",NA,"event","2025-01-29",NA,NA,"46204","Indianapolis","Indiana","United States Of America","125 S. Pennsylvania St.",NA,NA,NA
"Suite Deposit - Philadelphia Flyers",NA,"event","2025-01-29",NA,NA,"07102","Newark","New Jersey","United States Of America","25 Lafayette St",NA,NA,NA
"(GUEST PASS) Pacers vs. Detroit Pistons",NA,"event","2025-01-29",NA,NA,"46204","Indianapolis","Indiana","United States Of America","125 S. Pennsylvania St.",NA,NA,NA
"Visiting Team Post Game Pass: 1/29/25",NA,"event","2025-01-29",NA,NA,"20004","Washington","District of Columbia","United States Of America","601 F Street NW",NA,NA,NA
"1/29/25 Family Pack Vchr-Not a valid game ticket",NA,"event","2025-01-29",NA,NA,NA,NA,NA,"United States Of America",NA,NA,NA,NA
"Bridgeport Islanders v Lehigh Valley Suite&Premium",NA,"event","2025-01-29",NA,NA,"06604","Bridgeport","Connecticut","United States Of America","600 Main Street",NA,NA,NA
"Suite Guest Pass: Philadelphia Flyers",NA,"event","2025-01-29",NA,NA,"07102","Newark","New Jersey","United States Of America","25 Lafayette St",NA,NA,NA
"Postgame Pass - Section 103",NA,"event","2025-01-29",NA,NA,"28202","Charlotte","North Carolina","United States Of America","333 East Trade",NA,NA,NA
"Beer Pack: Wiz 1/29/25-Not a valid game ticket",NA,"event","2025-01-29",NA,NA,NA,NA,NA,"United States Of America",NA,NA,NA,NA
"1/29/25 Concession Credit",NA,"event","2025-01-29",NA,NA,NA,NA,NA,"United States Of America",NA,NA,NA,NA
"Fleming Game 5: UNCG vs. ETSU",NA,"event","2025-01-29",NA,NA,NA,NA,NA,"United States Of America",NA,NA,NA,NA
"SETON HALL",NA,"event","2025-01-29",NA,NA,"07079","South Orange","New Jersey","United States Of America","400 South Orange Avenue",NA,NA,NA
"Postgame Pass - Section 107",NA,"event","2025-01-29",NA,NA,"28202","Charlotte","North Carolina","United States Of America","333 East Trade",NA,NA,NA
"LA Gives Back: Fire Relief","https://veeps.com/lagivesback/737e4503-4d54-409d-80b9-2e903340848a","event","2025-01-29",NA,NA,"90017","Los Angeles","California","United States Of America","333 S. Boylston St.","Music","Dance/Electronic","Club Dance"
"Blind Pilot","https://www.ticketmaster.com/blind-pilot-new-york-new-york-01-29-2025/event/00006132EE0576E6","event","2025-01-29","30","30","10002","New York","New York","United States Of America","6 Delancey St.","Music","Rock","Pop"
"John Newhall Band with Natasha B - Presented by Hudson Valley Music (Vol. 2)","https://www.ticketweb.com/event/john-newhall-band-with-natasha-daryls-house-tickets/13928303","event","2025-01-29","14.33","21.03","12564","Pawling","New York","United States Of America","130 NY-22","Music","Rock","Rock"
"Albert Lee with special guests The Cryers","https://www.ticketweb.com/event/albert-lee-the-cryers-tip-top-deluxe-bar-tickets/13929273","event","2025-01-29","30","30","49504","Grand Rapids","Michigan","United States Of America","760 Butterworth St SW","Music","Rock",NA
"Albert Lee with special guests The Cryers","https://www.ticketweb.com/event/albert-lee-the-cryers-tip-top-deluxe-bar-tickets/13929273","event","2025-01-29","30","30","49504","Grand Rapids","Michigan","United States Of America","760 Butterworth St SW","Music","Alternative","Alternative Rock"
"Fulton Lee presents The Groove With Me Tour","https://www.ticketweb.com/event/fulton-lee-presents-the-groove-magic-stick-tickets/13803363","event","2025-01-29","20","25","48201","Detroit","Michigan","United States Of America","4120 Woodward Ave.","Music","Pop","Pop"
"GUSTER","https://www.ticketweb.com/event/guster-majestic-theatre-tickets/13801533","event","2025-01-29","45","45","48201","Detroit","Michigan","United States Of America","4120 Woodward Ave.","Music","Alternative","Alternative Rock"
"School of Rock Manhattan (Adult Bands)","https://www.ticketweb.com/event/school-of-rock-manhattan-adult-hill-country-live-tickets/14102813","event","2025-01-29","14.39","14.39","10010","New York","New York","United States Of America","30 West 26th Street","Music","Rock","Pop"
"In The Round with Keith Stegall, Leslie Satcher,  Bradley Gaskin & Michael White","https://www.ticketweb.com/event/in-the-round-with-keith-the-bluebird-cafe-tickets/14101063","event","2025-01-29","17.3","17.3","37215","Nashville","Tennessee","United States Of America","4104 Hillsboro Pike","Music","Country","Country"
"Fease, Drift","https://www.ticketweb.com/event/fease-drift-middle-east-upstairs-tickets/14122853","event","2025-01-29","12","12","02139","Cambridge","Massachusetts","United States Of America","472 Massachusetts Ave","Music","Rock","Rock"
"smalltalk with Backstep, Saucers Over Washington, and Dayspells","https://www.ticketweb.com/event/smalltalk-with-backstep-saucers-over-wills-pub-tickets/14157003","event","2025-01-29","15","15","32803","Orlando","Florida","United States Of America","1042 N Mills Ave","Music","Rock","Rock"
"smalltalk with Backstep, Saucers Over Washington, and Dayspells","https://www.ticketweb.com/event/smalltalk-with-backstep-saucers-over-wills-pub-tickets/14157003","event","2025-01-29","15","15","32803","Orlando","Florida","United States Of America","1042 N Mills Ave","Music","Rock","Indie Rock"
"Monthly Fiber Arts Meetup","https://www.ticketweb.com/event/monthly-fiber-arts-meetup-williams-center-soldato-tickets/14163763","event","2025-01-29","0","0","07070","Rutherford","New Jersey","United States Of America","15 Sylvan Street","Undefined",NA,NA
"NY4LA ● Patton Magee (The Nude Party) | Laura Jean Anderson | Air Waves | Dallas Wax | Quartz Casino | Ruby Lou | Truman Flyer | Psymon Spine (DJ Set)","https://www.ticketweb.com/event/ny4la-patton-magee-the-berlin-tickets/14163073","event","2025-01-29","23.1","54","10009","New York","New York","United States Of America","25 Avenue A","Music","Other",NA
"January Plant Bingo!","https://www.ticketweb.com/event/january-plant-bingo-the-winchester-tickets/14142803","event","2025-01-29","0","0","44107","Lakewood","Ohio","United States Of America","12112 Madison Ave","Miscellaneous",NA,NA
"NY4LA ● Susannah Joffe | Television Skies | Ginger Winn | Sara Devoe | Tyler Okun","https://www.ticketweb.com/event/ny4la-susannah-joffe-the-bowery-electric-tickets/14162453","event","2025-01-29","23.1","54","10003","New York","New York","United States Of America","327 Bowery","Music","Alternative","Alternative"
"NY4LA ● Susannah Joffe | Television Skies | Ginger Winn | Sara Devoe | Tyler Okun","https://www.ticketweb.com/event/ny4la-susannah-joffe-the-bowery-electric-tickets/14162453","event","2025-01-29","23.1","54","10003","New York","New York","United States Of America","327 Bowery","Music","Other",NA
"NY4LA ● Susannah Joffe | Television Skies | Ginger Winn | Sara Devoe | Tyler Okun","https://www.ticketweb.com/event/ny4la-susannah-joffe-the-bowery-electric-tickets/14162453","event","2025-01-29","23.1","54","10003","New York","New York","United States Of America","327 Bowery","Music","Rock","Folk Rock"
"Ms. Lisa Fischer featuring Orrin Evans Trio","https://www.ticketweb.com/event/ms-lisa-fischer-featuring-orrin-birdland-jazz-club-tickets/14004383","event","2025-01-29","45.76","56.06","10036","New York","New York","United States Of America","315 West 44th Street ","Music","Rock","Pop"
"Hard Swingin' Country Soiree with Decker & Dimitrov","https://www.ticketweb.com/event/hard-swingin-country-soiree-with-lil-indies-tickets/14087223","event","2025-01-29","0","0","32803","Orlando","Florida","United States Of America","1036 N Mills Avenue","Music","Country","Country"
"Open Mic Show & Tell with Adam Flaig  ","https://www.ticketweb.com/event/open-mic-show-tell-the-southgate-house-revival-tickets/14091873","event","2025-01-29","0","0","41071","Newport","Kentucky","United States Of America","111 E Sixth Street ","Music","Folk","Alternative Folk"
"152 Productions Presents: The Bunny The Bear, Noctus, Further Within, Izora, and Dead By Dawn","https://www.ticketweb.com/event/152-productions-presents-the-bunny-conduit-tickets/14067563","event","2025-01-29","15","15","32792","Winter Park","Florida","United States Of America","6700 Aloma Avenue","Music","Other",NA
"Peter Pan (Touring)","https://www.ticketmaster.com/peter-pan-touring-boston-massachusetts-01-29-2025/event/0100610F0F43AD85","event","2025-01-29","35","200","02111","Boston","Massachusetts","United States Of America","539 Washington Street","Arts & Theatre","Theatre","Musical"
"Maine Celtics vs. Iowa Wolves","https://www.ticketmaster.com/maine-celtics-vs-iowa-wolves-portland-maine-01-29-2025/event/0100611FA970261C","event","2025-01-29","17","130","04102","Portland","Maine","United States Of America","239 Park Avenue","Sports","Basketball","NBA D League"
"Wolfacejoeyy","https://concerts.livenation.com/wolfacejoeyy-boston-massachusetts-01-29-2025/event/0100616BDCC72E6F","event","2025-01-29","20","20","02134","Boston","Massachusetts","United States Of America","158 Brighton Avenue","Music","Hip-Hop/Rap","French Rap"
"Donny Benét","https://concerts.livenation.com/donny-benet-detroit-michigan-01-29-2025/event/0800612D13016B31","event","2025-01-29","25","25","48226","Detroit","Michigan","United States Of America","431 E Congress St.","Music","Dance/Electronic","Witchstep"
"Indiana Pacers vs. Detroit Pistons","https://www.ticketmaster.com/indiana-pacers-vs-detroit-pistons-indianapolis-indiana-01-29-2025/event/0500610EE1133B7C","event","2025-01-29","12","449","46204","Indianapolis","Indiana","United States Of America","125 S. Pennsylvania St.","Sports","Basketball","NBA"
"PARKING PASS Pacers vs Pistons","https://www.ticketmaster.com/parking-pass-pacers-vs-pistons-indianapolis-indiana-01-29-2025/event/0500610EDFBC37E8","event","2025-01-29","10","10","46204","Indianapolis","Indiana","United States Of America","155 South Delaware Street","Miscellaneous","Undefined","Undefined"
"Indiana State University Sycamores Mens Basketball vs. Missouri State Bears Men's Basketball","https://www.ticketmaster.com/indiana-state-university-sycamores-mens-basketball-terre-haute-indiana-01-29-2025/event/0500613BD75478B1","event","2025-01-29","11","59","47809","Terre Haute","Indiana","United States Of America","200 N 8th St","Sports","Basketball","College"
"Wisconsin Herd vs. Delaware Blue Coats","https://www.ticketmaster.com/wisconsin-herd-vs-delaware-blue-coats-oshkosh-wisconsin-01-29-2025/event/0700615CBDE83445","event","2025-01-29","6","145","54902","Oshkosh","Wisconsin","United States Of America","1212 S Main Street","Sports","Basketball","Minor League"
"Zach Top: Cold Beer & Country Music Tour","https://www.ticketmaster.com/zach-top-cold-beer-country-music-columbus-ohio-01-29-2025/event/05006132E0B93B14","event","2025-01-29","28","38","43215","Columbus","Ohio","United States Of America","583 E. Broad St.","Music","Country","Country"
"The Hook","https://www.ticketmaster.com/the-hook-atlantic-city-new-jersey-01-29-2025/event/02006137FC9190CC","event","2025-01-29","108","143.01","08401","Atlantic City","New Jersey","United States Of America","2100 Pacific Avenue","Arts & Theatre","Comedy","Comedy"
"070 Shake: The Petrichor Tour","https://www.ticketmaster.com/070-shake-the-petrichor-tour-boston-massachusetts-01-29-2025/event/01006161AB55380C","event","2025-01-29","37.5","65","02215","Boston","Massachusetts","United States Of America","15 Lansdowne St.","Music","R&B","R&B"
"New Jersey Devils vs. Philadelphia Flyers","https://www.ticketmaster.com/new-jersey-devils-vs-philadelphia-flyers-newark-new-jersey-01-29-2025/event/020060E298A52FDD","event","2025-01-29","48","1003","07102","Newark","New Jersey","United States Of America","25 Lafayette Street","Sports","Hockey","NHL"
"Aladdin","https://www.ticketmaster.com/aladdin-new-york-new-york-01-29-2025/event/030060B8A63C1573","event","2025-01-29","57.5","189.5","10036","New York","New York","United States Of America","214 West 42nd Street","Arts & Theatre","Theatre","Musical"
"South Florida Women's Basketball v UTSA","https://www.ticketmaster.com/south-florida-womens-basketball-v-utsa-tampa-florida-01-29-2025/event/0D006131D63125B7","event","2025-01-29","10","100","33620","Tampa","Florida","United States Of America","4202 East Fowler Ave","Sports","Basketball","College"
"Florida Atlantic V Utsa","https://www.ticketmaster.com/florida-atlantic-v-utsa-boca-raton-florida-01-29-2025/event/0D006142C8814223","event","2025-01-29",NA,NA,"33431","Boca Raton","Florida","United States Of America","777 Glades Road","Sports","Basketball","College"
"Kelsea Ballerini - Live On Tour","https://www.ticketmaster.com/kelsea-ballerini-live-on-tour-duluth-georgia-01-29-2025/event/0E006155C7293726","event","2025-01-29","50.5","180.5","30097","Duluth","Georgia","United States Of America","6400 Sugarloaf Parkway","Music","Country","Country"
"Them In Uniform + Moonroof","https://www.ticketmaster.com/them-in-uniform-moonroof-atlanta-georgia-01-29-2025/event/0E006189F48F5413","event","2025-01-29","15","15","30309","Atlanta","Georgia","United States Of America","1374 West Peachtree St","Music","Rock","Alternative Rock"
"South Carolina Stingrays vs. Savannah Ghost Pirates","https://www.ticketmaster.com/south-carolina-stingrays-vs-savannah-ghost-north-charleston-south-carolina-01-29-2025/event/2D00610DBDA944ED","event","2025-01-29","20","42","29418","North Charleston","South Carolina","United States Of America","5001 Coliseum Drive","Sports","Hockey","Minor League"
"HFNB VS. HERSHEY",NA,"event","2025-01-29",NA,NA,"18702","Wilkes-Barre","Pennsylvania","United States Of America","255 Highland Park Boulevard",NA,NA,NA
"January 29th  GAME EXTRAS",NA,"event","2025-01-29",NA,NA,"18702","Wilkes-Barre","Pennsylvania","United States Of America","255 Highland Park Boulevard",NA,NA,NA
"Stingrays 24-25 Suites",NA,"event","2025-01-29",NA,NA,"29418","North Charleston","South Carolina","United States Of America","5001 Coliseum Dr",NA,NA,NA
"SUITES: PENS VS. HERSHEY",NA,"event","2025-01-29",NA,NA,"18702","Wilkes-Barre","Pennsylvania","United States Of America","255 Highland Park Boulevard",NA,NA,NA
"Rochester Americans Suite Premium",NA,"event","2025-01-29",NA,NA,"14614","Rochester","New York","United States Of America","1 War Memorial Square",NA,NA,NA
"HRNT VS. HERSHEY",NA,"event","2025-01-29",NA,NA,"18702","Wilkes-Barre","Pennsylvania","United States Of America","255 Highland Park Boulevard",NA,NA,NA
"Rochester Americans Credential- 1/29/25",NA,"event","2025-01-29",NA,NA,"14614","Rochester","New York","United States Of America","1 War Memorial Square",NA,NA,NA
"Rochester Americans vs Utica Comets","https://www.ticketmaster.com/rochester-americans-vs-utica-comets-rochester-new-york-01-29-2025/event/0000611671640DFC","event","2025-01-29","21","33","14614","Rochester","New York","United States Of America","One War Memorial Square","Sports","Hockey","AHL"
"Wilkes Barre Scranton Penguins vs. Hershey Bears","https://www.ticketmaster.com/wilkes-barre-scranton-penguins-vs-hershey-wilkes-barre-pennsylvania-01-29-2025/event/02006117B025A276","event","2025-01-29","23.5","59","18702","Wilkes Barre","Pennsylvania","United States Of America","255 Highland Park Boulevard","Sports","Hockey","AHL"
"All Star Stand Up Comedy - Sunday To Thursday and Friday Saturday At 1","https://www.ticketweb.com/event/all-star-stand-up-comedy-greenwich-village-comedy-club-tickets/13914573?REFERRAL_ID=tmfeed","event","2025-01-29",NA,NA,"10012","New York","New York","United States Of America","99 MacDougal Street","Arts & Theatre","Comedy","Comedy"
"Philadelphia 76ers vs. Sacramento Kings","https://www.ticketmaster.com/philadelphia-76ers-vs-sacramento-kings-philadelphia-pennsylvania-01-29-2025/event/3000610ED7F04A23","event","2025-01-29","10","998","19148","Philadelphia","Pennsylvania","United States Of America","3601 South Broad St","Sports","Basketball","NBA"
"Broken Arrow & Laurel Canyon Band","https://www.ticketmaster.com/broken-arrow-laurel-canyon-band-daytona-beach-florida-01-29-2025/event/2200611CAEAF2559","event","2025-01-29","45","75","32118","Daytona Beach","Florida","United States Of America","600 Auditorium Blvd.","Music","Rock","Pop"
"AEW presents Dynamite & Collision","https://www.ticketmaster.com/aew-presents-dynamite-collision-huntsville-alabama-01-29-2025/event/2000618ACA082D02","event","2025-01-29","15","85","35801","Huntsville","Alabama","United States Of America","700 Monroe Street SW","Sports","Wrestling","Wrestling"
"Alicia Olatuja","https://www.ticketmaster.com/alicia-olatuja-dayton-ohio-01-29-2025/event/16006227CAD1146D","event","2025-01-29","18","18","45479","Dayton","Ohio","United States Of America","29 Creative Way","Music","Jazz","Jazz"
"Laughing Buddha Comedy Showcase","https://www.ticketweb.com/event/laughing-buddha-comedy-showcase-eastville-comedy-club-tickets/14006473?REFERRAL_ID=tmfeed","event","2025-01-29",NA,NA,"11217","Brooklyn","New York","United States Of America","487 Atlantic Avenue","Arts & Theatre","Comedy","Comedy"
"Cincinnati Cyclones V Swamp Rabbits | $2 Beer","https://www.ticketmaster.com/cincinnati-cyclones-v-swamp-rabbits-2-cincinnati-ohio-01-29-2025/event/1600611CCE0431A2","event","2025-01-29","21","33","45202","Cincinnati","Ohio","United States Of America","100 Broadway","Sports","Hockey","Minor League"
"Line Dancing, Btches 'n Boots","https://www.ticketweb.com/event/line-dancing-btches-n-boots-six-string-grill-stage-tickets/13623634?REFERRAL_ID=tmfeed","event","2025-01-29",NA,NA,"02035","Foxborough","Massachusetts","United States Of America","275 Patriot Place","Arts & Theatre","Miscellaneous Theatre","Miscellaneous Theatre"
"Chief Xian aTunde Adjuah","https://www.ticketmaster.com/chief-xian-atunde-adjuah-cincinnati-ohio-01-29-2025/event/160061463FD36BEE","event","2025-01-29","25","40","45220","Cincinnati","Ohio","United States Of America","342 Ludlow Ave.","Music","Jazz","Jazz"
"New York Knicks vs. Denver Nuggets","https://www.ticketmaster.com/new-york-knicks-vs-denver-nuggets-new-york-new-york-01-29-2025/event/3B006111CE1B13C9","event","2025-01-29","95","6354.5","10001","New York","New York","United States Of America","7th Ave & 32nd Street","Sports","Basketball","NBA"
"Mountainfilm On Tour","https://www.ticketmaster.com/mountainfilm-on-tour-charleston-south-carolina-01-29-2025/event/2D00614AA66979DE","event","2025-01-29","15","15","29403","Charleston","South Carolina","United States Of America","37 John St.","Film","Documentary","Documentary"
"David Gray: Past & Present Tour with special guest Sierra Spirit","https://www.ticketmaster.com/david-gray-past-present-tour-with-red-bank-new-jersey-01-29-2025/event/1D00614AC7521257","event","2025-01-29","40.5","130.5","07701","Red Bank","New Jersey","United States Of America","99 Monmouth St","Music","Rock","Alternative Rock"
"Death Becomes Her","https://www.ticketmaster.com/death-becomes-her-new-york-new-york-01-29-2025/event/Z1r9uZrrZbpZ1AvZbP-","event","2025-01-29",NA,NA,"10036","New York","New York","United States Of America","205 West 46th Street","Arts & Theatre","Theatre","Musical"
"Oh, Mary!","https://www.ticketmaster.com/oh-mary-new-york-new-york-01-29-2025/event/Z1r9uZruZqGZ17POZE","event","2025-01-29",NA,NA,"10036","New York","New York","United States Of America","149 W 45th St","Arts & Theatre","Theatre","Comedy"
"Swept Away","https://www.ticketmaster.com/swept-away-new-york-new-york-01-29-2025/event/Z1r9uZruZqGZ17Pdef","event","2025-01-29",NA,NA,"10036","New York","New York","United States Of America","220 W 48th St","Arts & Theatre","Theatre","Musical"
"Hell's Kitchen","https://www.ticketmaster.com/hells-kitchen-new-york-new-york-01-29-2025/event/Z1r9uZruZqGZ17Pexp","event","2025-01-29",NA,NA,"10036","New York","New York","United States Of America","225 W 44th St","Arts & Theatre","Theatre","Musical"
"Gypsy","https://www.ticketmaster.com/gypsy-new-york-new-york-01-29-2025/event/Z1r9uZruZqGZ17Pvee","event","2025-01-29",NA,NA,"10036","New York","New York","United States Of America","245 West 44th Street","Arts & Theatre","Theatre","Musical"
"New York City Ballet: New Combinations","https://www.ticketmaster.com/event/Z7r9jZ1A716_V","event","2025-01-29",NA,NA,"10023","New York","New York","United States Of America","63rd Street","Arts & Theatre",NA,NA
"Funny Girl (Touring)","https://www.ticketmaster.com/event/Z7r9jZ1A71vop","event","2025-01-29",NA,NA,"33401","West Palm Beach","Florida","United States Of America","701 Okeechobee Blvd.","Arts & Theatre","Theatre","Musical"
"National Ballet of China: Chinese New Year (A Ballet in Two Acts)","https://www.ticketmaster.com/event/Z7r9jZ1A73F0K","event","2025-01-29",NA,NA,"20566","Washington","District of Columbia","United States Of America","2700 F Street NW","Arts & Theatre",NA,NA
"All In: Comedy About Love","https://www.ticketmaster.com/event/Z7r9jZ1A78JjI","event","2025-01-29",NA,NA,"10036","New York","New York","United States Of America","145 W. 44th Street","Undefined",NA,NA
"Shen Yun","https://www.ticketmaster.com/event/Z7r9jZ1A78Zu-","event","2025-01-29",NA,NA,"32065","Orange Park","Florida","United States Of America","283 College Dr,","Arts & Theatre","Miscellaneous","Miscellaneous"
"The Addams Family","https://www.ticketmaster.com/event/Z7r9jZ1A78Zv9","event","2025-01-29",NA,NA,"34236","Sarasota","Florida","United States Of America","777 N Tamiami Trail","Arts & Theatre","Theatre","Musical"
"Life of Pi (Touring)","https://www.ticketmaster.com/event/Z7r9jZ1A78oFM","event","2025-01-29",NA,NA,"15222","Pittsburgh","Pennsylvania","United States Of America","719 Liberty Ave","Arts & Theatre","Theatre","Drama"
"Hadestown","https://www.ticketmaster.com/event/Z7r9jZ1A78yQZ","event","2025-01-29",NA,NA,"10036","New York","New York","United States Of America","219 West 48th St.","Arts & Theatre","Miscellaneous","Miscellaneous"
"Clue (Touring)","https://www.ticketmaster.com/event/Z7r9jZ1A7A-vg","event","2025-01-29",NA,NA,"30308","Atlanta","Georgia","United States Of America","660 Peachtree St. NE","Arts & Theatre","Theatre","Comedy"
"Mamma Mia! (Touring)","https://www.ticketmaster.com/event/Z7r9jZ1A7CoOO","event","2025-01-29",NA,NA,"33602","Tampa","Florida","United States Of America","1010 N W C Macinnes Pl","Arts & Theatre","Theatre","Musical"
"MJ (Touring)","https://www.ticketmaster.com/event/Z7r9jZ1A7FNGk","event","2025-01-29",NA,NA,"23220","Richmond","Virginia","United States Of America","6 North Laurel St.","Arts & Theatre","Theatre","Musical"
"Gypsy","https://www.ticketmaster.com/event/Z7r9jZ1A7GF-N","event","2025-01-29",NA,NA,"10036","New York","New York","United States Of America","245 W. 44th St.","Arts & Theatre","Theatre","Musical"
"Mystic Pizza","https://www.ticketmaster.com/event/Z7r9jZ1A7GIJ_","event","2025-01-29",NA,NA,"07041","Millburn","New Jersey","United States Of America","Brookside Drive","Undefined",NA,NA
"Death Becomes Her","https://www.ticketmaster.com/event/Z7r9jZ1A7GK8d","event","2025-01-29",NA,NA,"10036","New York","New York","United States Of America","205 W 46th St","Undefined",NA,NA
"Back to the Future the Musical","https://www.ticketmaster.com/event/Z7r9jZ1A7GpGb","event","2025-01-29",NA,NA,"10019","New York","New York","United States Of America","1634 Broadway","Arts & Theatre","Theatre","Musical"
"Here There Are Blueberries","https://www.ticketmaster.com/event/Z7r9jZ1A7aMoP","event","2025-01-29",NA,NA,"08540","Princeton","New Jersey","United States Of America","91 University Pl","Undefined",NA,NA
"Hamilton (Touring)","https://www.ticketmaster.com/event/Z7r9jZ1A7afux","event","2025-01-29",NA,NA,"28202","Charlotte","North Carolina","United States Of America","130 North Tryon street","Arts & Theatre","Theatre","Musical"
"Kansas Jayhawks Womens Basketball vs. Texas Tech Red Raiders Womens Basketball","https://www.ticketmaster.com/event/Z7r9jZ1A7fvkK","event","2025-01-29",NA,NA,"66045","Lawrence","Kansas","United States Of America","1700 Naismith Dr","Sports","Basketball","College"
"Jarrod Lawson (21 & Over)","https://www.ticketmaster.com/event/Z7r9jZ1A7oEAf","event","2025-01-29",NA,NA,"21401","Annapolis","Maryland","United States Of America","33 West St","Music","Other","Other"
"Oh, Mary!","https://www.ticketmaster.com/event/Z7r9jZ1A7oYvy","event","2025-01-29",NA,NA,"10036","New York","New York","United States Of America","149 W. 45th St.","Undefined",NA,NA
"& Juliet","https://www.ticketmaster.com/event/Z7r9jZ1A7okk7","event","2025-01-29",NA,NA,"10036","New York","New York","United States Of America","124 W 43rd St","Arts & Theatre","Theatre","Musical"
"Sutton Foster","https://www.ticketmaster.com/event/Z7r9jZ1A7uMZy","event","2025-01-29",NA,NA,"29601","Greenville","South Carolina","United States Of America","101 West Broad St.","Music","Other","Other"
"Swept Away","https://www.ticketmaster.com/event/Z7r9jZ1A7uaOK","event","2025-01-29",NA,NA,"10036","New York","New York","United States Of America","220 West 48th Street","Arts & Theatre","Miscellaneous","Miscellaneous"
"Hell's Kitchen","https://www.ticketmaster.com/event/Z7r9jZ1A7ubPE","event","2025-01-29",NA,NA,"10036","New York","New York","United States Of America","225 W 44th St","Arts & Theatre","Theatre","Musical"
"Hadestown","https://www.ticketmaster.com/event/Z7r9jZ1A7ud8_","event","2025-01-29",NA,NA,"48202","Detroit","Michigan","United States Of America","3011 West Grand & Fisher","Arts & Theatre","Miscellaneous","Miscellaneous"
"New York Philharmonic: Beatrice Rana","https://www.ticketmaster.com/event/Z7r9jZ1A7us3a","event","2025-01-29",NA,NA,"10023","New York","New York","United States Of America","10 Lincoln Center Plaza","Music","Classical","Classical/Vocal"
"1/29/25 HEAT Gameday Express Bus - vs Cavaliers",NA,"event","2025-01-29",NA,NA,"33132","Miami","Florida","United States Of America","601 Biscayne Blvd",NA,NA,NA
"Postgame on the Parquet - Celtics vs. Bulls",NA,"event","2025-01-29",NA,NA,"02114","Boston","Massachusetts","United States Of America","100 Legends Way",NA,NA,NA
"Credit Voucher - 1/29/2025",NA,"event","2025-01-29",NA,NA,"19148","Philadelphia","Pennsylvania","United States Of America","3601 South Broad Street",NA,NA,NA
"At First Sight",NA,"event","2025-01-29",NA,NA,"47405","Bloomington","Indiana","United States Of America","275 N Eagleson Ave",NA,NA,NA
"Courtside Kids - Celtics vs. Bulls",NA,"event","2025-01-29",NA,NA,"02114","Boston","Massachusetts","United States Of America","100 Legends Way",NA,NA,NA
"Sixers vs Kings",NA,"event","2025-01-29",NA,NA,"19145","Philadelphia","Pennsylvania","United States Of America","3601 South Broad St",NA,NA,NA
"76ers Shift4 Pass - 1/29/2025",NA,"event","2025-01-29",NA,NA,"19148","Philadelphia","Pennsylvania","United States Of America","3601 South Broad Street",NA,NA,NA
"NYK FanRally",NA,"event","2025-01-29",NA,NA,"10001","New York","New York","United States Of America","7th Ave & 32nd Street",NA,NA,NA
"Legends - Chicago Bulls",NA,"event","2025-01-29",NA,NA,"02114","Boston","Massachusetts","United States Of America","100 Legends Way",NA,NA,NA
"Post Game Pass - HEAT vs. CLE",NA,"event","2025-01-29",NA,NA,"33132","Miami","Florida","United States Of America","601 Biscayne Blvd",NA,NA,NA
"Boardroom Access",NA,"event","2025-01-29",NA,NA,"10001","New York","New York","United States Of America","4 Pennsylvania Plaza",NA,NA,NA
"76ers Suite Pass - 1/29/2025",NA,"event","2025-01-29",NA,NA,"19148","Philadelphia","Pennsylvania","United States Of America","3601 South Broad Street",NA,NA,NA
"Boston Celtics vs. Chicago Bulls",NA,"event","2025-01-29",NA,NA,"02115","Boston","Massachusetts","United States Of America","100 Legends Way",NA,NA,NA
"Cincinnati Cyclones v Swamp Rabbits",NA,"event","2025-01-29",NA,NA,"45202","Cincinnati","Ohio","United States Of America","100 Broadway",NA,NA,NA
"Greenville Swamp Rabbits  @ Cincinnati Cyclones",NA,"event","2025-01-29",NA,NA,"45202","Cincinnati","Ohio","United States Of America","100 Broadway",NA,NA,NA
"NYK vs Denver Nuggets",NA,"event","2025-01-29",NA,NA,"10001","New York","New York","United States Of America","7th Ave & 32nd Street",NA,NA,NA
"Skyline Family Four Pack",NA,"event","2025-01-29",NA,NA,"45202","Cincinnati","Ohio","United States Of America","100 Broadway",NA,NA,NA
"SES F&B- Home Game 22",NA,"event","2025-01-29",NA,NA,"19148","Philadelphia","Pennsylvania","United States Of America","3601 South Broad Street",NA,NA,NA
"TD Garden Pass - Celtics vs. Bulls",NA,"event","2025-01-29",NA,NA,"02115","Boston","Massachusetts","United States Of America","100 Legends Way",NA,NA,NA
"High Five Kids Tunnel - Celtics vs. Bulls",NA,"event","2025-01-29",NA,NA,"02114","Boston","Massachusetts","United States Of America","100 Legends Way",NA,NA,NA
"Clue",NA,"event","2025-01-29",NA,NA,"30308","Atlanta","Georgia","United States Of America","660 Peachtree St NE",NA,NA,NA
"Prem - HEAT vs. Cleveland Cavaliers",NA,"event","2025-01-29",NA,NA,"33132","Miami","Florida","United States Of America","601 Biscayne Blvd",NA,NA,NA
"76ers Adrian Pass - 1/29/2025",NA,"event","2025-01-29",NA,NA,"19148","Philadelphia","Pennsylvania","United States Of America","3601 South Broad Street",NA,NA,NA
"Guest Pass - HEAT vs. CLE",NA,"event","2025-01-29",NA,NA,"33132","Miami","Florida","United States Of America","601 Biscayne Blvd",NA,NA,NA
"Visiting Team Post-Game Pass - Section 108",NA,"event","2025-01-29",NA,NA,"10001","New York","New York","United States Of America","4 Pennsylvania Plaza",NA,NA,NA
"SES Markup- Home Game 22",NA,"event","2025-01-29",NA,NA,"19148","Philadelphia","Pennsylvania","United States Of America","3601 South Broad Street",NA,NA,NA
"Omar Sosa & Seckou Keita Livestream Event from Jimmy's Jazz and Blues Club","https://veeps.com/jimmysjazzandbluesclub/c9e23393-70fd-418f-8c1e-cfbfddcb95fa","event","2025-01-29",NA,NA,"03801","Portsmouth","New Hampshire","United States Of America","135 Congress Street","Music","Jazz","Jazz"
"TINA - The Tina Turner Musical","https://www.ticketmaster.com/tina-the-tina-turner-musical-syracuse-new-york-01-29-2025/event/00006083D79A642B","event","2025-01-29","30","82","13202","Syracuse","New York","United States Of America","362 South Salina Street","Arts & Theatre","Theatre","Musical"
"The Price Is Right Live - Stage Show","https://www.ticketmaster.com/the-price-is-right-live-stage-poughkeepsie-new-york-01-29-2025/event/00006131CE735EF8","event","2025-01-29","32.5","75.5","12601","Poughkeepsie","New York","United States Of America","14 Civic Center Plaza","Arts & Theatre","Miscellaneous Theatre","Miscellaneous Theatre"
"Dancing with the Stars: Live! - 2025 Tour","https://www.ticketmaster.com/dancing-with-the-stars-live-2025-brookville-new-york-01-29-2025/event/00006143A45B5B67","event","2025-01-29","55","120.5","11548","Brookville","New York","United States Of America","720 Northern Boulevard","Music","Rock","Pop"
"Grizfolk w/ Maxwell Rincón","https://www.ticketweb.com/event/grizfolk-maxwell-rincn-rumba-cafe-tickets/13944513","event","2025-01-29","18.74","18.74","43202","Columbus","Ohio","United States Of America","2507 Summit St","Music","Alternative","Alternative Rock"
"Grizfolk w/ Maxwell Rincón","https://www.ticketweb.com/event/grizfolk-maxwell-rincn-rumba-cafe-tickets/13944513","event","2025-01-29","18.74","18.74","43202","Columbus","Ohio","United States Of America","2507 Summit St","Music","Alternative","Alternative"
"Sean Rowe","https://www.ticketweb.com/event/sean-rowe-natalies-grandview-tickets/13943083","event","2025-01-29",NA,NA,"43212","Columbus","Ohio","United States Of America","945 King Avenue","Music","Folk","Alternative Folk"
"Erin Johnson","https://www.ticketweb.com/event/erin-johnson-treelawn-social-club-tickets/14106193","event","2025-01-29","10","10","44110","Cleveland","Ohio","United States Of America","15335 Waterloo Rd","Music","Folk","Contemporary Folk"
"""All You Need Is Love"": All-Star Celebration of the Beatles","https://concerts.livenation.com/all-you-need-is-love-allstar-indianapolis-indiana-01-29-2025/event/05006144340FA62F","event","2025-01-29","35","59.5","46204","Indianapolis","Indiana","United States Of America","502 N. New Jersey","Music","Other","Other"
"OMAR SOSA & SECKOU KEITA SUBA TRIO feat. Gustavo Ovalles, percussion","https://www.ticketmaster.com/omar-sosa-seckou-keita-suba-trio-portsmouth-new-hampshire-01-29-2025/event/0100616CBF0C2DB7","event","2025-01-29","17.5","47.5","03801","Portsmouth","New Hampshire","United States Of America","135 Congress Street","Music","Jazz","Jazz"
"Wolf Man: The Imax Experience","https://www.ticketmaster.com/wolf-man-the-imax-experience-atlantic-city-new-jersey-01-29-2025/event/0200619AAE082EBB","event","2025-01-29","20.5","20.5","08401","Atlantic City","New Jersey","United States Of America","2831 Boardwalk Ave","Film","Horror","Horror"
"TX2","https://concerts.livenation.com/tx2-philadelphia-pennsylvania-01-29-2025/event/0200616BB5472289","event","2025-01-29","22","22","19123","Philadelphia","Pennsylvania","United States Of America","29 E Allen Street","Music","Rock","Alternative Rock"
"Moulin Rouge! The Musical (Touring)","https://www.ticketmaster.com/moulin-rouge-the-musical-touring-grand-rapids-michigan-01-29-2025/event/08006129CC6F2799","event","2025-01-29","35.5","120.5","49503","Grand Rapids","Michigan","United States Of America","303 Monroe NW","Arts & Theatre","Theatre","Musical"
"Filthy Comedy presents Phil-thy Women!","https://concerts.livenation.com/filthy-comedy-presents-philthy-women-philadelphia-pennsylvania-01-29-2025/event/02006183C2B541BC","event","2025-01-29","20.25","28.25","19123","Philadelphia","Pennsylvania","United States Of America","33 E. Laurel Street","Arts & Theatre","Comedy","Comedy"
"UpDating","https://www.ticketmaster.com/updating-boston-massachusetts-01-29-2025/event/01006184A4DB31EC","event","2025-01-29","29","39","02116","Boston","Massachusetts","United States Of America","246 Tremont St.","Arts & Theatre","Comedy","Comedy"
"Boston Celtics vs. Chicago Bulls","https://www.ticketmaster.com/boston-celtics-vs-chicago-bulls-boston-massachusetts-01-29-2025/event/010060EBE4B572F9","event","2025-01-29","76.5","2105.5","02114","Boston","Massachusetts","United States Of America","100 Legends Way","Sports","Basketball","NBA"
"Walnut Street Theatre's DRIVING MISS DAISY","https://www.ticketmaster.com/walnut-street-theatres-driving-miss-daisy-philadelphia-pennsylvania-01-29-2025/event/020060D3D09C535F","event","2025-01-29","25","107","19107","Philadelphia","Pennsylvania","United States Of America","825 Walnut Street","Arts & Theatre","Theatre","Comedy"
"The Place To Be prior to Step Afrika","https://www.ticketmaster.com/the-place-to-be-prior-to-fort-lauderdale-florida-01-29-2025/event/0D00612B07495CCD","event","2025-01-29","75","75","33304","Fort Lauderdale","Florida","United States Of America","707 Northeast 8th Street","Miscellaneous","Undefined","Undefined"
"Miami Heat vs. Cleveland Cavaliers","https://www.ticketmaster.com/miami-heat-vs-cleveland-cavaliers-miami-florida-01-29-2025/event/0D00610E17185D34","event","2025-01-29","35","630","33132","Miami","Florida","United States Of America","601 Biscayne Blvd","Sports","Basketball","NBA"
"The Haller Club prior to Step Afrika!","https://www.ticketmaster.com/the-haller-club-prior-to-step-fort-lauderdale-florida-01-29-2025/event/0D0060C4A0B61DE4","event","2025-01-29","40","40","33304","Fort Lauderdale","Florida","United States Of America","707 Northeast 8th Street","Miscellaneous","Undefined","Undefined"
"Step Afrika!","https://www.ticketmaster.com/step-afrika-ft-lauderdale-florida-01-29-2025/event/0D0060C499C71941","event","2025-01-29","30","40","33304","Ft Lauderdale","Florida","United States Of America","707 NE 8th Street","Arts & Theatre","Dance","Dance"
"Post Game Free Throw Pass: HEAT vs. Cavaliers","https://www.ticketmaster.com/post-game-free-throw-pass-heat-miami-florida-01-29-2025/event/0D006184AEC5285F","event","2025-01-29","40","40","33132","Miami","Florida","United States Of America","601 Biscayne Blvd","Miscellaneous","Undefined","Undefined"
"Silverstein: 25 Years Of Noise","https://www.ticketmaster.com/silverstein-25-years-of-noise-tempe-arizona-01-29-2025/event/19006130AFEF20F4","event","2025-01-29","32","62","85281","Tempe","Arizona","United States Of America","730 N. Mill Ave","Music","Rock","Alternative Rock"
"Stamptown","https://concerts.livenation.com/stamptown-brooklyn-new-york-01-29-2025/event/3000616FB86833A6","event","2025-01-29","20","20","11215","Brooklyn","New York","United States Of America","149 7th Street","Arts & Theatre","Comedy","Comedy"
"Joey Harkum","https://www.ticketmaster.com/joey-harkum-millvale-pennsylvania-01-29-2025/event/16006165A18712FF","event","2025-01-29","18","18","15209","Millvale","Pennsylvania","United States Of America","400 Lincoln Ave","Music","Rock","Pop"
"NOCAP - BEFORE I DISAPPEAR AGAIN TOUR","https://concerts.livenation.com/nocap-before-i-disappear-again-tour-silver-spring-maryland-01-29-2025/event/1500615A11436595","event","2025-01-29","49.5","85","20910","Silver Spring","Maryland","United States Of America","8656 Colesville Road","Music","Hip-Hop/Rap","French Rap"
"Carpenters Legacy","https://www.ticketmaster.com/carpenters-legacy-las-vegas-nevada-01-29-2025/event/170062240B908451","event","2025-01-29","59.98","79.98","89109","Las Vegas","Nevada","United States Of America","3663 Las Vegas Blvd South Suite 360A","Music","Undefined","Undefined"
