Age,Ethnicity,Gender,Sexual Orientation,Profession,Q1,Q2,Q3,Q4,Q5,Q6,Q7,Q8,Q9,Q11,Q14,Q15,Q16,Q17,Q18,Q19,Q20,Q21,Q24,Q25,Q26,Q27,Q28,Q75,Q76,Q77,Q78,Q79,Q81,Q82,Q83,Q84,Q85,Q86,Q52,Q53,Q54,Q55,Q56,Q95,Q96,Q97,Q98,Q99,Q101,Q103,Q104,Q105,Q106,Q100,type_transgression
2,1,2,1,1,5,5,4,5,5,5,5,5,4,3,5,5,5,4,5,5,5,3,,,,,,,,,,,,,,,,,2,2,2,1,2,2,2,2,1,2,7,7,8,8,8,i love taylor swift and her music ,0
2,4,1,1,1,2,4,2,5,4,4,1,3,1,2,5,4,4,1,5,4,4,1,,,,,,,,,,,,,,,,,5,4,5,1,5,5,5,5,5,5,8,8,8,8,8,"I quite happily listen to 80s artists accused of (and in some cases, responsible for) some terrible things. Not only is Taylor Swift extremely unproblematic compared to them, I'm quite happy to separate the art from the artist.",0
2,5,2,5,1,3,4,2,4,4,4,2,5,2,4,5,4,4,2,5,5,5,4,4,2,4,2,4,4,3,4,2,3,4,4,4,3,3,"I enjoy her music and listen to it regularly, but I do not agree with all the things she does and think she should be held accountable. I think loads of people dismiss it because of her celebrity status but I think constructive criticism is not bullying a celebrity. I also think you can separate the artist and the art.",,,,,,,,,,,,,,,,,1
2,1,2,1,1,5,5,5,5,4,5,5,3,4,5,5,5,5,2,5,5,5,5,,,,,,,,,,,,,,,,,2,1,1,1,3,2,1,1,1,3,8,6,7,7,8,,0
2,1,2,1,1,3,4,2,5,3,5,3,4,2,5,5,5,5,5,5,5,5,4,,,,,,,,,,,,,,,,,3,4,4,3,4,4,4,4,2,3,7,7,7,6,7,,0
3,5,1,2,5,3,5,4,5,2,4,1,4,3,5,5,5,5,4,5,5,5,4,,,,,,,,,,,,,,,,,1,1,1,1,1,1,1,1,1,1,8,8,8,6,8,"I believe her personal life (family, partners, etc) are hers and that is fine. When she decides to he political, then those opinions have to logical and on my side, for me to continue supporting. For example, since the genocide in Gaza began, she hasnâ€™t said anything, which is why I am starting to consume less of her music. Not taking a stance is taking one as well ",0
2,1,1,4,1,5,5,4,5,4,4,1,4,2,2,5,4,4,3,4,4,3,4,4,3,4,3,3,4,3,4,3,3,4,2,4,3,3,"I view these actions as bad, and i would not support them or her beliefs in them. It would make me like her less, and make me less willing to spend on her expensive merch. Iâ€™d also want to meet her less as Iâ€™d like her personality more. However I donâ€™t think Iâ€™d stop listening to her music as I donâ€™t see that as supporting her.",,,,,,,,,,,,,,,,,1
2,2,2,1,1,5,5,2,5,4,5,1,4,1,3,5,5,5,1,5,5,5,1,4,1,5,2,5,4,1,2,2,5,1,1,1,1,4,iâ€™m a big believer in separating the art from the artist. However i tend to draw the line when they do something that demonstrates that they are inherently not a good person. I tend to stop supporting then. But i listen almost exclusively to taylorâ€™s music so it would be tough!,,,,,,,,,,,,,,,,,1
2,4,2,1,1,5,5,2,5,4,2,1,2,2,4,4,2,1,1,1,1,3,1,,,,,,,,,,,,,,,,,1,1,4,2,4,4,4,5,4,5,7,5,8,5,8,,0
2,4,2,1,1,4,4,5,5,5,5,1,5,4,5,5,5,5,4,5,4,5,3,5,3,5,2,5,5,1,4,1,5,5,3,5,2,5,,,,,,,,,,,,,,,,,,1
2,1,2,2,1,5,5,5,4,4,4,2,5,5,5,4,4,5,4,4,4,4,1,4,4,4,3,4,4,4,4,4,4,4,2,4,2,3,I would be sceptical of anything I heard in the media about her being a bad person because so often in the past I have believed her to be immoral only to later realise it was misogynistic shaming ,,,,,,,,,,,,,,,,,1
2,4,2,1,1,3,3,4,5,5,3,1,4,4,5,5,4,3,1,4,4,4,2,3,1,3,2,2,4,2,4,2,2,4,1,2,2,1,,,,,,,,,,,,,,,,,,1
2,1,2,1,1,5,5,2,5,5,5,2,4,4,2,5,4,5,2,5,5,2,2,,,,,,,,,,,,,,,,,2,1,3,3,2,2,1,2,2,2,7,6,7,5,7,She already cheated and admitted and I still listen to her so yeah ,0
2,4,2,1,1,5,5,2,5,4,2,2,3,1,4,5,4,4,1,4,4,4,1,4,1,4,1,4,2,1,2,1,1,4,1,2,1,2,,,,,,,,,,,,,,,,,,1
2,4,2,1,1,5,5,4,5,5,4,5,5,5,4,4,4,5,1,4,4,4,1,2,1,2,1,1,1,1,1,1,1,3,4,4,1,2,,,,,,,,,,,,,,,,,,1
2,4,1,2,1,3,3,4,5,4,3,3,2,3,5,4,3,3,2,2,4,2,1,4,3,3,3,4,4,3,3,3,4,4,3,3,3,4,I really like her music and her lyrics. They are very entertaining and have a good message ,,,,,,,,,,,,,,,,,1
2,4,2,1,1,3,3,1,4,2,1,1,1,1,1,2,1,1,1,1,1,1,1,,,,,,,,,,,,,,,,,3,3,2,2,2,2,2,2,2,2,6,7,7,7,5,"I don't really know a whole lot about taylor swift, but with anyone I think I would feel if they acted immorally it would make me like them less ",0
2,1,2,3,1,4,4,2,5,5,4,2,5,3,5,5,4,5,4,5,5,5,5,4,4,4,2,3,4,3,4,2,3,4,4,4,3,4,,,,,,,,,,,,,,,,,,1
2,1,2,2,1,5,5,4,5,5,5,2,4,5,5,5,5,5,1,5,4,5,5,,,,,,,,,,,,,,,,,4,1,4,3,3,4,1,1,1,3,8,6,8,8,8,"If a single problematic comment was made, having followed her for so long, it would seem out of character, so I would not immediately stop supporting her. Instead, I would expect an explanation and/or an apology. Personal failing such as cheating on a partner are not relevant to me as they are human mistakes. However, if it was revealed she was friends with a dictator that would certainly make me stop supporting her immediately. That being said, her music is a huge part of my life and I would probably keep listening to it.",0
2,4,1,1,1,3,3,2,2,2,3,5,3,2,2,3,2,3,4,2,2,4,2,,,,,,,,,,,,,,,,,2,3,3,2,4,2,4,2,2,2,5,5,5,5,5,,0
2,4,2,1,2,4,5,2,4,4,5,3,5,2,2,5,5,5,4,5,5,4,5,,,,,,,,,,,,,,,,,3,1,3,1,3,2,1,2,1,2,8,7,7,6,6,NA,0
2,4,1,1,1,4,5,2,5,4,4,1,5,4,2,5,4,5,2,5,4,4,2,5,4,5,3,5,3,1,2,1,2,5,3,5,3,5,,,,,,,,,,,,,,,,,,1
2,4,2,1,1,5,5,4,5,4,4,2,4,3,3,5,4,4,2,4,4,4,2,5,3,3,2,5,4,3,4,3,5,4,3,4,3,4,,,,,,,,,,,,,,,,,,1
2,4,2,3,1,3,2,1,4,4,2,1,4,3,3,5,2,2,1,1,1,4,1,5,3,5,2,4,5,3,5,1,4,5,3,5,2,4,,,,,,,,,,,,,,,,,,1
2,1,2,1,1,4,5,4,5,3,5,1,2,2,2,5,5,5,1,4,4,5,2,,,,,,,,,,,,,,,,,4,1,4,1,4,4,3,5,2,4,7,7,8,6,7,,0
2,1,2,3,1,1,1,1,2,1,1,1,1,1,2,2,1,1,1,1,1,1,1,1,1,1,1,1,3,2,2,2,2,3,2,2,1,1,,,,,,,,,,,,,,,,,,1
2,1,2,3,1,4,4,3,5,5,5,3,2,3,3,5,4,3,1,4,3,4,4,,,,,,,,,,,,,,,,,1,1,1,1,3,2,1,4,1,5,6,4,6,4,4,"Transphobe = 100% morally wrong she is an awful person no matter what i thought before. Dictator friend = confusion, doesnt add up, would want to figure out why/how that happened. Cheating = wouldnt actually be too surprised and want to know more about why/how",0
2,5,1,2,2,4,5,1,5,5,2,2,4,3,4,5,5,5,4,5,5,3,1,,,,,,,,,,,,,,,,,5,5,5,1,5,5,5,5,1,5,8,8,8,6,8,separate the artist and the art,0
2,4,2,1,1,4,4,3,4,5,2,2,1,3,4,4,2,1,1,1,1,4,1,2,1,3,1,3,3,1,1,1,1,4,2,2,1,3,"I only enjoy streaming her music, I do not have any personal affinity towards her",,,,,,,,,,,,,,,,,1
3,1,2,1,1,4,4,3,4,1,4,1,4,1,3,1,4,4,1,4,4,4,1,,,,,,,,,,,,,,,,,4,1,2,3,3,4,1,2,3,3,7,4,6,6,5,,0
2,4,2,1,1,1,3,2,5,2,1,1,2,1,5,4,2,2,1,2,1,1,1,,,,,,,,,,,,,,,,,1,1,3,1,1,2,1,2,1,1,6,4,6,4,4,,0
2,4,2,5,1,4,4,5,4,5,4,1,5,2,4,4,4,4,1,1,1,5,1,4,1,4,1,1,1,1,1,1,1,5,1,1,1,4,,,,,,,,,,,,,,,,,,1
2,1,2,3,1,4,5,4,5,5,5,2,5,5,5,5,5,5,4,5,5,5,5,,,,,,,,,,,,,,,,,4,1,2,2,2,4,1,2,1,1,8,7,8,8,8,Because cheating feels more human and like a mistake rather than actively defending transfobic or right.wing views,0
2,5,1,3,1,4,5,4,5,4,3,2,4,2,3,4,5,4,3,4,3,4,1,4,4,5,1,4,4,4,4,1,4,4,4,5,1,4,"I wouldnâ€™t excuse this behaviour â€” I would call her out, but that doesnâ€™t necessarily mean Iâ€™ll stop listening to her music. I donâ€™t know for a fact thatâ€™s what she decided by herself, and for the case of concert tickets, thatâ€™s just demand and supply nothing to do with her. ",,,,,,,,,,,,,,,,,1
2,5,2,1,1,4,3,4,3,3,1,1,3,2,5,5,4,4,1,1,1,3,1,2,5,4,1,1,2,4,3,1,1,2,1,3,1,1,"I like her music, it resonates with me but im fantic about her as a person",,,,,,,,,,,,,,,,,1
2,1,2,3,1,4,5,4,5,4,5,2,3,4,3,5,5,5,2,5,4,5,5,5,2,5,2,3,4,1,4,1,2,2,1,2,1,1,"I love her music, but since the increase in her capitalist tactics and political silence I have less admiration for her as a human being.",,,,,,,,,,,,,,,,,1
2,1,2,3,1,5,4,4,5,5,5,3,5,3,5,5,5,5,2,5,5,5,4,,,,,,,,,,,,,,,,,3,1,4,1,2,3,1,4,1,2,6,6,8,5,6,,0
2,5,2,1,1,3,4,2,5,4,4,1,4,1,4,5,3,3,1,2,5,5,2,4,1,2,1,4,1,1,1,1,3,4,2,1,1,5,,,,,,,,,,,,,,,,,,1
2,1,2,1,5,3,5,4,4,3,4,2,1,2,3,5,5,5,1,4,5,5,5,2,1,3,3,2,2,2,2,2,2,3,3,3,3,3,,,,,,,,,,,,,,,,,,1
2,1,2,1,1,4,3,2,3,4,1,1,1,1,1,1,3,2,1,1,1,1,1,1,1,3,1,2,1,1,1,1,1,4,1,4,2,2,,,,,,,,,,,,,,,,,,1
2,1,2,3,1,3,4,4,5,3,4,1,2,1,5,5,4,4,3,4,5,4,2,,,,,,,,,,,,,,,,,4,3,4,3,3,4,4,4,3,3,8,8,8,6,7,,0
2,1,2,2,1,4,4,2,4,4,2,1,2,4,5,4,4,4,2,4,4,4,4,4,2,4,2,2,2,2,4,2,2,2,1,4,1,1,I dont need to financially support someone that rich,,,,,,,,,,,,,,,,,1
2,1,2,1,1,4,4,3,5,5,4,1,3,1,1,5,4,5,1,5,4,3,3,,,,,,,,,,,,,,,,,3,1,2,1,1,1,1,1,1,1,8,6,8,6,8,"I like her music but Iâ€™m fully aware sheâ€™s a different person who isnâ€™t potentially the best human out there (like her overuse of her private jet). Knowing this I still very much enjoy her music, and her vibe. I like her music more than I like her personally but that makes sense given that Iâ€™ve never met her. I donâ€™t really care much for her personal relations sheâ€™s a free woman, and I do think that the fact that her team has stuck by her for 10 years speak loads about her great attitude towards her team and fans. I do admire her greatly for what she achieved and how she reinvents herself entirely with each album. Sheâ€™s not worthy of the Nobel peace prize but sheâ€™s not acting like she is so I respect that a lot as well",0
2,4,2,3,1,2,4,2,4,4,3,1,3,1,3,5,2,4,1,4,2,4,1,,,,,,,,,,,,,,,,,2,1,1,1,1,2,2,2,2,2,5,4,4,4,4,"I enjoy her music but don't like the idea of idolising her and thinking I know anything about her beyond her curated public persona. If she did something I disagreed with, I would probably continue to listen to her music but pirated.",0
2,4,2,1,1,5,4,3,5,1,2,1,5,4,5,5,4,5,3,4,5,4,5,,,,,,,,,,,,,,,,,1,1,1,1,1,1,1,1,1,1,8,8,8,8,8,Cheating is a personal decision that affects Taylor and her partner. Associating with controversial beliefs and political figures affects whole communities.,0
2,5,2,1,1,4,4,1,5,4,5,2,4,2,5,5,5,5,4,5,5,5,5,4,4,5,1,4,2,1,2,1,4,5,3,5,2,4,,,,,,,,,,,,,,,,,,1
2,1,2,1,1,1,2,4,5,2,1,1,1,1,5,4,1,4,1,4,1,2,2,,,,,,,,,,,,,,,,,2,1,1,1,1,4,1,1,1,1,7,4,4,4,4,"I like her music, I donâ€™t particularly care for her",0
2,1,2,1,1,3,4,2,5,2,2,2,2,2,3,4,4,2,2,5,2,2,2,4,2,4,2,3,2,2,2,2,2,3,2,3,2,3,,,,,,,,,,,,,,,,,,1
2,4,1,1,1,1,3,3,2,2,1,1,1,1,1,2,1,3,1,1,1,4,4,5,3,3,2,3,5,2,2,2,3,5,2,2,1,1,I'm not a huge Taylor Swift fan but I like her music and would always be able to separate art from artist enough to listen to that music in the majority of cases,,,,,,,,,,,,,,,,,1
2,1,2,1,1,2,4,4,5,5,3,1,5,4,2,2,4,2,1,5,5,1,1,,,,,,,,,,,,,,,,,5,3,5,1,2,5,3,5,1,2,8,6,8,4,6,"I like her music and the experiences it conveys, but I donâ€™t necessarily care much about her as a person, positive or negative, since sheâ€™s just a distant figure - in this sense, if she does immoral things, it certainly doesnâ€™t have a bearing on my enjoyment of her music but also doesnâ€™t have much of a bearing on my perception of her since I have no particular investment in perceiving her a certain way ",0
2,5,2,3,1,4,4,5,5,5,4,2,4,2,3,5,4,5,1,5,2,5,4,,,,,,,,,,,,,,,,,3,2,4,1,1,4,1,4,1,1,8,7,8,6,4,1. Seperate the art from the artist 2.donâ€™t waste your energy defending billionaire celebrities who donâ€™t know you,0
2,1,2,1,1,5,4,4,5,5,4,4,4,4,5,5,4,4,1,3,4,5,3,4,4,4,4,5,4,4,4,4,4,4,4,4,4,4,"She is not responsible for capitalism. It's easy to blame one very visible person, but the entire system we have built is so much more complex and relies on CO2, etc. to survive. Yes, emissions are bad but the benefits that come from her travels for concerts are huge and lift the economies of any city hosting her",,,,,,,,,,,,,,,,,1
2,1,2,3,1,5,5,4,5,5,4,3,4,4,5,5,5,5,1,4,5,5,2,,,,,,,,,,,,,,,,,4,3,4,1,2,3,3,4,1,2,8,8,8,7,8,Cheating is so different to being a biggot. It hurts one not systemically thousands to millions to billions ,0
2,1,2,1,1,4,3,4,5,4,2,1,2,3,5,5,1,1,1,1,4,2,1,5,1,1,2,2,5,1,1,1,2,5,1,1,1,2,"I would keep listening to her music, because I like it, but I wouldnâ€™t have anything else to do with her. I would also want to hear why she is doing those things ",,,,,,,,,,,,,,,,,1
2,1,2,1,1,5,4,5,5,4,4,3,2,4,5,5,4,4,1,4,5,4,4,4,2,4,2,4,4,1,4,1,3,4,1,3,2,3,,,,,,,,,,,,,,,,,,1
2,1,2,3,1,5,5,4,4,2,4,4,3,3,3,5,4,4,3,2,4,4,3,,,,,,,,,,,,,,,,,1,1,1,1,1,2,2,2,2,1,7,7,7,5,6,,0
2,1,1,5,1,5,4,4,5,3,4,2,5,3,2,5,5,5,5,5,4,4,1,,,,,,,,,,,,,,,,,5,5,5,5,5,5,5,5,5,5,8,8,8,8,8,"Why should her political views/personal life effect the way I listen to her music. If she express certain views on trans rights/cheats on her partner, that shouldn't affect my views on her music. Unless she did something very illegal/morally wrong I wouldn't boycott her.",0
2,4,2,3,1,5,5,4,5,5,5,4,5,3,5,5,5,5,5,5,4,5,5,5,5,5,2,5,4,4,5,4,5,5,2,5,1,5,"I know things are different for someone as famous as Taylor such as safe ways for her to travel. A situation of death of a fan happened recently however Taylor is not to blame, even if she did continue with the show",,,,,,,,,,,,,,,,,1
2,4,2,1,1,4,5,4,5,5,4,2,5,2,2,5,4,5,2,5,4,5,4,,,,,,,,,,,,,,,,,2,2,2,2,4,3,2,2,2,4,7,7,7,5,7,,0
2,4,2,1,2,3,4,2,5,4,1,1,1,1,5,4,1,2,1,1,2,3,1,,,,,,,,,,,,,,,,,2,1,1,1,1,4,1,1,1,1,8,8,8,8,8,,0
2,4,1,1,1,1,1,1,2,1,1,1,1,1,1,1,1,1,1,1,1,1,1,4,1,1,1,4,1,1,1,1,1,1,1,1,1,1,,,,,,,,,,,,,,,,,,1
3,4,2,3,2,2,2,2,3,4,1,1,4,3,5,3,3,4,1,1,1,5,2,3,1,3,1,4,3,1,4,1,4,3,1,3,1,4,Price doesnâ€™t affect my support or decisions,,,,,,,,,,,,,,,,,1
2,4,2,1,1,4,5,4,5,4,4,1,4,4,5,5,5,5,2,5,5,5,5,,,,,,,,,,,,,,,,,3,3,4,4,4,2,2,2,2,3,5,5,5,5,7,"I think sometimes itâ€™s crucial to separate the art from the artist. While I may disagree with her decisions, that still doesnâ€™t take away how her music has positively impacted my life. ",0
2,1,2,1,1,3,2,4,3,4,1,1,1,2,5,4,1,1,1,1,4,1,1,,,,,,,,,,,,,,,,,4,5,4,1,3,4,1,1,1,3,7,4,4,4,6,I donâ€™t follow her not buy merch so if anything controversial happened Iâ€™d still listen to the songs because they entertain me not because I actively want to support her but I still wouldnâ€™t buy merch or follow her. Maybe Iâ€™d just look up the scandal to know all about the drama but thatâ€™s it really.,0
2,4,1,1,1,1,1,2,3,1,1,1,1,1,1,2,1,1,1,1,1,1,1,2,1,1,1,3,2,1,1,1,3,2,1,1,1,3,im not a taylor swift diehard fan,,,,,,,,,,,,,,,,,1
2,4,2,1,2,4,4,4,5,4,4,2,4,4,5,5,4,4,2,2,2,4,1,2,1,3,2,4,2,2,2,1,2,1,1,1,1,1,,,,,,,,,,,,,,,,,,1
2,5,2,1,1,2,4,3,4,4,2,2,2,2,3,4,2,2,2,2,2,2,2,,,,,,,,,,,,,,,,,4,3,3,3,3,5,3,3,3,3,7,7,7,7,7,She is a celebrity whose personal life isnâ€™t my business. My interest is good music ,0
2,4,2,1,1,5,5,5,5,4,4,4,5,4,2,5,5,5,4,5,5,5,2,5,4,5,4,5,4,3,4,3,4,5,5,5,5,5,,,,,,,,,,,,,,,,,,1
2,4,1,1,1,1,1,1,5,4,1,1,1,1,3,3,1,2,1,1,1,1,1,,,,,,,,,,,,,,,,,4,1,5,1,5,5,5,5,3,5,8,8,8,6,8,Music is music. Politics is politics. ,0
2,4,2,3,5,4,4,4,5,2,5,3,3,3,2,5,5,3,1,1,1,3,1,,,,,,,,,,,,,,,,,1,1,1,1,1,2,1,2,2,2,4,4,4,4,4,If her behaviour goes against my moral values then I would most likely stop supporting Taylor Swift,0
2,4,2,1,1,1,3,1,4,5,2,1,4,1,3,4,3,2,1,1,5,5,1,4,1,1,1,1,4,1,1,1,1,4,1,1,1,1,"I think streaming music is still okay if the celebrity messes up because thereâ€™s a large degree of separation between you and the celebrity, but then idolizing the celebrity, wanting to meet them, being a super fan are all wrong and excessive in such circumstances",,,,,,,,,,,,,,,,,1
2,4,1,1,1,1,1,1,1,1,1,1,1,1,1,1,1,1,1,1,1,1,1,1,1,1,1,1,5,5,5,1,1,1,1,1,1,1,He made her famous,,,,,,,,,,,,,,,,,1
2,4,1,1,1,4,4,5,5,3,4,2,4,3,5,5,5,5,2,5,4,5,3,,,,,,,,,,,,,,,,,2,1,2,1,3,3,3,2,2,3,7,6,7,5,7,,0
2,4,2,1,1,4,5,4,5,5,3,4,3,4,5,5,4,4,1,4,2,4,2,2,1,4,2,4,2,2,2,2,4,2,2,4,4,4,,,,,,,,,,,,,,,,,,1
2,1,2,1,2,3,4,4,5,3,2,1,4,1,3,5,4,5,1,5,5,4,2,,,,,,,,,,,,,,,,,2,1,2,1,4,4,1,2,2,2,8,8,8,5,8,"For me itâ€™s a difference between what is her personal life, e.g. relationships and cheating and then what conflicts with my own morals like anti-transphobia. I donâ€™t care what she does in her personal life as long as it isnâ€™t deeply conflicting with my own where it is something I canâ€™t support.",0
2,4,2,1,1,3,4,3,4,4,3,2,3,2,5,4,4,4,2,2,3,4,2,,,,,,,,,,,,,,,,,3,2,4,2,3,3,4,4,2,3,6,6,6,5,6,I think sometimes it depends how celebrity PR teams handle the scandals which also impact how fans continue to perceive them so itâ€™s hard to say whether I would still support her would probably depend on the degree of involvement with the actions and continue to support her future pursuits vs listening to her old stuff would also be harder to decide,0
2,4,2,1,1,2,2,2,4,2,2,1,2,2,3,1,1,1,1,1,1,2,1,1,1,1,1,1,1,1,1,1,1,3,1,1,1,1,Iâ€™m not a huge fan of Taylor swift anyways. I preferred Taylor swift many years ago for eg when she released songs such as I knew you were trouble or 22. But in recent years I somewhat dislike her and find her quite irresponsible. She has a strong fan base but this means they donâ€™t care about the fact she has a huge carbon footprint or someone died at her concert. I think she could do so much more with her status to make positive impacts and raise awareness about things,,,,,,,,,,,,,,,,,1
2,4,2,5,1,4,4,2,5,2,4,1,2,2,5,5,4,4,1,4,2,4,4,4,1,4,2,5,4,1,4,1,4,4,1,4,1,2,"Taylor swift is a complicated figure. The primary reason to continue listening to her music no matter her actions is because of the quality of the music itself c the way itâ€™s been integrated into society, as well as my own life due to its long time presence. The impact of Taylor swifts carbon footprint does not affect my listening as much because I think she is politically active in other spheres, as well as providing a in demand service with her concerts, whixh is why I would not cancel her. While I have engaged in buying tickets for her concerts, I donâ€™t â€˜support her financiallyâ€™ through other means because I donâ€™t associate with the Taylor swift fan base in that way. I also think supporting her financially is maybe not the best way to phrase this action because sometimes itâ€™s about social belonging and signaling rather than driven by the motivation to be a part of this artists life ",,,,,,,,,,,,,,,,,1
2,1,1,2,1,3,2,1,4,4,2,1,2,2,2,4,1,2,1,4,3,2,1,,,,,,,,,,,,,,,,,1,1,1,1,1,2,1,1,1,1,7,7,7,6,5,politics are far more important to me than interpersonal relations. cheating is cheating. being mates with a dictator is evil.,0
2,1,3,4,1,3,5,3,5,5,5,4,5,4,5,5,5,5,3,5,5,5,5,2,2,4,2,4,3,1,2,2,2,2,1,3,2,1,"I like Taylor Swift's music. I have followed her music career for a long time. She is not immune to criticism, and I will critique her actions. I also understand that she gets more flack than other celebrities with her presence, which is sometimes unjustified. If she suddenly started doing and saying horrible things, I would find it hard to stop listening to her music, as it has been central to large parts of my life, but I'd like to think I'd be able to give up her music on principle.",,,,,,,,,,,,,,,,,1
2,4,2,1,1,2,4,3,4,2,2,2,2,3,4,4,4,4,1,1,1,4,1,,,,,,,,,,,,,,,,,2,1,2,2,2,4,3,3,3,3,4,6,4,4,4,"i dont care about her that much, shes just a person being given a lot of attention because she is a celebrity. i care about the music. if the music is bad i will not support her",0
2,4,2,1,1,3,4,3,5,4,3,2,3,3,4,4,3,3,1,4,4,3,1,4,2,4,2,3,4,2,3,2,2,3,2,3,2,3,"i feel that her actions may not necessarily be her personal opinions but more of how her management decides to handle the situation. as we do not know for sure and it is also easy to shift the blame, we are not sure if she is actually behind all these unpleasant occurrences. ",,,,,,,,,,,,,,,,,1
2,4,2,1,1,1,1,1,4,1,1,1,2,1,2,4,2,1,1,1,1,4,2,,,,,,,,,,,,,,,,,2,1,2,2,1,2,1,2,1,1,6,4,5,4,4,,0
2,1,2,2,1,1,1,2,2,1,2,1,1,1,1,1,1,1,1,1,1,2,1,,,,,,,,,,,,,,,,,1,1,1,1,1,1,1,1,1,1,6,6,6,5,6,Taylor Swift's music is everywhere and I just find it a bit annoying. Like there are whole social gatherings themed around Taylor Swift that I might have gone to if they weren't Only playing Taylor Swift music the whole time,0
2,1,2,3,1,5,5,4,5,5,5,4,5,4,3,5,5,5,5,5,5,5,2,5,4,5,2,5,4,4,4,4,4,5,5,5,2,5,I love her and her music too much to stop listening to it and following her activities even when I know she doesnâ€™t always morally behave right. ,,,,,,,,,,,,,,,,,1
2,1,2,2,1,4,4,5,5,5,5,1,4,2,3,5,5,5,4,5,5,5,4,4,2,5,4,5,4,2,5,5,5,2,1,5,4,4,,,,,,,,,,,,,,,,,,1
2,1,2,3,1,4,5,4,5,4,5,3,5,4,3,5,5,5,4,5,5,5,4,,,,,,,,,,,,,,,,,4,2,5,4,4,4,2,5,4,4,8,8,8,7,7,,0
2,1,3,3,1,3,3,2,2,4,1,1,1,1,2,2,1,1,1,1,3,2,1,,,,,,,,,,,,,,,,,1,1,1,1,1,1,1,1,1,1,4,4,4,4,4,,0
2,4,1,2,1,3,3,4,4,4,2,2,2,2,1,3,2,4,2,1,4,3,1,4,2,4,2,3,4,3,4,2,3,3,3,4,2,2,,,,,,,,,,,,,,,,,,1
2,4,2,1,1,1,3,2,4,4,1,1,2,1,1,1,1,1,1,1,1,1,1,,,,,,,,,,,,,,,,,1,1,1,1,1,3,3,3,3,3,6,6,6,6,6,,0
2,5,2,1,1,2,4,3,5,3,1,1,2,2,2,5,3,4,2,5,5,3,1,5,4,5,2,5,5,4,5,2,5,5,4,5,1,5,"I try and separate the art from the artist; I enjoy listening to Taylor Swift's music and for that reason I would like to meet her, but that does not stop me from being able to have opinions and disagree with some of her actions.",,,,,,,,,,,,,,,,,1
2,4,2,1,1,3,2,2,4,3,1,1,4,3,1,2,3,1,1,1,1,1,1,,,,,,,,,,,,,,,,,1,1,1,1,1,1,1,1,1,1,6,4,5,4,6,The level of harm caused would make me less inclined to engage with her,0
2,1,1,2,1,3,2,2,3,4,2,1,4,2,3,4,1,1,1,1,1,4,1,4,1,4,1,1,4,1,1,1,1,4,1,1,1,1,,,,,,,,,,,,,,,,,,1
2,4,1,1,1,5,5,5,5,5,5,1,5,4,5,5,5,5,2,5,2,5,4,,,,,,,,,,,,,,,,,5,5,5,5,5,5,5,5,5,5,8,8,8,8,8,"When listening to music, itâ€™s important to be able to be able to seperate the art from the artist. ",0
2,4,2,1,1,3,4,5,5,5,2,1,1,1,4,5,4,4,1,2,2,5,1,5,2,4,4,5,1,1,1,1,1,2,1,4,5,4,,,,,,,,,,,,,,,,,,1
2,5,2,1,1,3,2,2,4,3,4,1,4,4,5,4,1,2,1,2,4,4,1,,,,,,,,,,,,,,,,,4,1,1,1,1,4,1,1,1,1,7,6,6,6,6,,0
2,4,2,4,1,3,2,2,2,1,1,1,2,1,5,2,1,1,1,1,1,1,1,3,2,2,1,1,3,1,1,1,1,3,1,1,1,1,,,,,,,,,,,,,,,,,,1
2,1,2,1,1,4,5,4,5,4,5,1,2,2,3,5,5,5,2,5,5,4,2,,,,,,,,,,,,,,,,,1,1,1,1,1,4,1,1,1,2,8,7,7,4,7,"Whilst I do identify as a fan of Taylor swift, I am first and foremost a fan of her music and songwriting. I am invested in some aspects of her life but mostly due to how they could enrich the experience of listening to the lyrics of a certain song to get a deeper understanding. If she were to act immorally I would no longer support her as a person but would still digest her media, in the same sense that people donâ€™t support JK Rowling for transphobic comments but will still read/watch Harry Potter. ",0
2,1,1,3,1,4,5,4,5,5,5,4,4,2,3,5,5,4,2,5,4,5,4,4,2,5,2,4,1,1,4,2,4,1,1,4,1,4,,,,,,,,,,,,,,,,,,1
2,1,1,1,1,4,5,4,5,4,5,2,4,3,2,5,5,5,2,3,4,5,4,,,,,,,,,,,,,,,,,5,4,5,4,5,5,4,5,4,5,8,7,8,7,8,They wouldn't change my mind on liking Taylor,0
2,1,2,3,1,4,5,5,5,5,3,1,4,3,2,5,5,5,2,5,5,5,5,,,,,,,,,,,,,,,,,4,1,4,1,2,4,1,5,2,4,8,7,8,7,8,"I would still continue to stream her music mainly because it's a way for me to process my emotions considering I see a reflection of myself in her lyrics. However I wouldn't defend her as she would need to be held accountable for her actions. I don't really buy merchandise anyway so that wouldn't change, and I would still very much want to meet her due to her impact on the world and how much she means to me personally",0
2,1,2,3,1,5,5,4,5,2,5,2,4,1,5,5,5,5,4,5,5,5,5,4,2,4,3,4,4,2,4,2,3,4,1,3,2,3,,,,,,,,,,,,,,,,,,1
2,4,2,1,1,2,2,3,4,1,1,1,1,1,3,4,1,2,1,1,4,2,1,,,,,,,,,,,,,,,,,4,3,3,2,3,2,2,2,2,2,7,6,7,6,6,,0
2,1,2,3,1,4,3,4,5,4,4,1,2,2,3,5,5,4,1,5,1,4,5,4,2,5,1,4,4,1,4,1,3,4,1,4,1,1,,,,,,,,,,,,,,,,,,1
3,1,2,3,1,5,4,2,5,4,4,2,4,4,5,5,4,5,4,5,5,5,5,,,,,,,,,,,,,,,,,2,2,2,1,2,4,4,4,4,4,8,8,8,7,8,,0
2,1,1,1,1,4,5,4,5,2,3,1,1,1,4,4,4,4,1,4,3,2,1,5,4,4,1,5,4,2,4,1,4,5,5,5,5,5,"There's very little she could do to stop me from liking her music, as they're completely different things, I may stop buying merch though if for example they are made in really unethical ways or the concerts where she sells the merch are really unsafe. Finally as there is only so many concerts she can do per year per city, it is totally valid to increase the price as long as she still sells out the event",,,,,,,,,,,,,,,,,1
2,1,2,3,1,3,3,4,4,4,2,2,3,4,5,4,2,2,1,1,3,3,4,1,1,1,2,3,3,1,2,1,2,3,1,2,1,2,celebrities should be held accountable for their actions,,,,,,,,,,,,,,,,,1
2,1,3,4,1,4,3,3,4,4,4,4,4,4,5,5,2,2,2,2,3,4,4,,,,,,,,,,,,,,,,,1,1,1,1,1,1,1,1,1,1,7,5,5,4,5,"I generally think that the personal lives of celebrities aren't really my business, but they're public statements and actions are",0
2,5,2,3,1,4,5,3,4,4,4,2,3,4,3,5,5,5,4,5,5,4,4,,,,,,,,,,,,,,,,,1,1,1,1,1,2,1,1,1,1,7,5,7,5,6,,0
2,5,2,3,1,5,5,5,5,4,5,5,5,4,3,5,5,5,1,4,2,5,4,,,,,,,,,,,,,,,,,4,4,5,1,5,5,3,5,1,3,8,8,8,7,8,,0
2,1,2,1,1,4,3,5,5,5,4,1,5,4,5,5,4,4,1,3,3,5,1,5,5,5,5,5,5,5,5,5,5,5,5,5,5,5,,,,,,,,,,,,,,,,,,1
2,1,2,3,1,5,4,4,5,3,4,4,3,2,5,5,3,5,4,5,5,4,4,5,4,5,4,3,5,2,2,3,3,5,4,4,3,3,"I love listening to Taylor Swifts music and focus on this more than anything to do with her personally. However there are situations, such as if she committed a severe crime I would stop listening to her music",,,,,,,,,,,,,,,,,1
2,1,2,1,1,5,5,5,5,5,5,3,4,4,3,5,4,5,4,5,5,5,5,,,,,,,,,,,,,,,,,4,3,3,3,4,4,4,4,3,4,7,7,7,6,7,,0
2,1,1,2,2,3,4,2,4,1,4,1,4,1,3,4,4,4,1,1,4,4,4,4,1,4,1,3,4,1,4,1,3,4,1,4,1,3,I don't know her ,,,,,,,,,,,,,,,,,1
2,4,2,3,5,5,3,5,5,2,5,1,4,2,5,5,4,4,3,4,4,4,1,4,4,4,2,4,4,4,4,1,4,4,1,4,1,2,,,,,,,,,,,,,,,,,,1
2,4,2,1,1,4,4,4,4,4,3,1,2,3,5,5,4,5,1,4,4,4,3,,,,,,,,,,,,,,,,,5,3,4,1,2,5,1,2,1,1,8,4,7,4,5,I would continue to stream her music because I love her music and lyrics and itâ€™s something that I can relate to at times. I grew up with her music so it would be very difficult to stop listening to her songs considering the amount of albums she has. I wouldnâ€™t want to meet her or buy her merch because I wouldnâ€™t respect her as a person (if the given situations occurred). Similar to separating art from the artist although I know streaming does contribute to her success. I would only continue to follow her for any future music releases. ,0
2,1,2,1,1,5,5,4,5,5,5,3,5,4,5,5,5,5,4,5,4,5,4,,,,,,,,,,,,,,,,,1,1,1,1,1,2,1,3,3,3,8,8,8,7,8,"Transphobic comments come from a place of malice, so I would not support her after that. However, political figures are more grey. It truly depends on what kind of political figure and whether or not I personally deemed them terrible, since the media tends to make controversial many political figures the west generally disagrees with. If she cheats, thatâ€™s her own business.",0
2,1,2,1,1,4,5,5,5,5,4,2,4,2,2,4,5,5,2,5,5,4,2,,,,,,,,,,,,,,,,,4,2,4,1,1,4,2,2,1,1,7,7,7,4,5,"despite controversial actions impacting my view of her as a person, i would still listen to her music as i enjoy it, but my prescription of her would be different ",0
2,1,2,5,1,4,5,4,5,3,5,1,3,2,4,5,5,5,5,5,5,5,4,3,4,3,2,3,3,2,3,2,2,4,4,4,2,2,,,,,,,,,,,,,,,,,,1
2,5,2,5,1,3,4,3,5,4,2,2,3,3,5,4,2,2,1,5,4,3,3,,,,,,,,,,,,,,,,,4,3,4,1,3,4,3,4,2,3,7,7,7,6,6,"her music slaps, and if i want to spiteful iâ€™ll stream the older versions of her albums (stolen version) because woman doesnâ€™t need more money. also she doesnâ€™t get royalties from her older records considering big machine owns them (hence the re-records). ",0
2,1,2,3,1,4,5,4,5,4,4,2,4,3,3,5,5,5,5,5,5,5,5,4,2,4,2,4,2,2,2,2,2,2,2,2,2,2,"Because those instances would cause me to look at her differently, it would are it seem like she doesnâ€™t care about her fans so why should we care for her in the same way we do now. Despite how much I absolutely love her persona and her music I do get that she is a real person who should be held to the same standard as everyone else",,,,,,,,,,,,,,,,,1
2,1,2,1,1,4,4,2,5,4,5,1,3,3,3,5,4,5,3,5,5,5,4,5,2,5,2,4,5,2,4,2,4,5,2,5,2,4,Supporting her music and her personality are two different things to me,,,,,,,,,,,,,,,,,1
2,1,2,1,1,5,5,5,5,4,5,4,5,4,5,5,5,5,3,5,5,5,3,,,,,,,,,,,,,,,,,2,2,3,2,4,3,2,3,2,3,7,7,7,6,8,I feel as if infidelity cannot be compared to making transphobic comments so my answers differ ,0
2,1,2,3,1,4,3,4,5,4,5,4,4,5,4,5,4,4,4,5,5,4,1,4,1,4,2,4,1,1,1,1,5,4,4,4,2,4,,,,,,,,,,,,,,,,,,1
2,1,2,3,1,5,5,4,5,4,5,2,5,4,5,5,5,5,4,5,5,5,5,,,,,,,,,,,,,,,,,2,2,3,1,1,4,3,4,2,2,7,5,5,4,4,,0
2,1,2,3,1,5,4,4,5,4,4,2,3,3,3,5,4,4,2,5,5,4,2,4,3,4,1,4,4,2,2,1,4,4,1,3,1,4,,,,,,,,,,,,,,,,,,1
2,5,2,2,1,4,5,2,5,4,4,1,4,2,5,5,5,5,3,4,4,4,3,,,,,,,,,,,,,,,,,2,1,2,1,1,2,1,2,1,1,8,8,8,6,7,"Regardless of what she does, I enjoy her music and would continue to listen even if stopped liking her and buying merch",0
2,1,2,1,1,3,5,4,5,3,4,2,2,2,4,5,4,4,2,5,5,5,2,,,,,,,,,,,,,,,,,1,1,2,1,1,3,1,2,1,1,8,6,7,5,7,if she cheated on someone it is bad but not as bad as being transphobic or hanging out with someone problematic. The last two arenâ€™t really excusable and make me think inherently she is a bad person and i wouldnâ€™t want to support her (as much as i like her music i would feel ashamed to support her) ,0
2,1,2,1,1,4,5,4,5,5,5,3,4,4,4,5,4,5,2,4,4,4,1,,,,,,,,,,,,,,,,,4,1,1,1,1,3,1,1,1,1,8,7,7,5,7,"Taylor Swift has been in my life for a long time, and helped me navigate through a lot of my experience, but i would still go against her if her beliefs were harmful for groups of people",0
2,1,2,1,2,5,5,5,5,5,5,5,5,5,5,5,3,5,5,3,5,5,3,5,5,5,5,5,5,5,5,5,5,5,5,5,5,5,,,,,,,,,,,,,,,,,,1
2,1,2,1,1,4,5,4,5,3,4,2,4,3,5,5,5,5,1,5,5,5,5,4,4,5,3,4,3,4,5,2,3,5,3,4,1,3,I see her music and her as a person as two separate entities ,,,,,,,,,,,,,,,,,1
2,4,2,3,2,4,5,4,5,4,5,1,5,4,3,5,5,5,4,5,5,5,5,,,,,,,,,,,,,,,,,1,1,1,1,1,1,1,1,1,1,6,6,6,6,6,,0
2,1,2,1,1,5,5,5,5,4,5,5,5,4,5,5,5,5,4,5,5,5,5,,,,,,,,,,,,,,,,,4,4,4,3,4,4,4,4,4,4,8,8,8,8,8,"I believe in separating the art from the artist to a large extent, so I would continue to listen to her music and follow her work although Iâ€™d find it more difficult to defend her personality",0
2,4,2,1,1,5,5,5,5,2,5,3,2,4,3,5,5,5,1,1,2,5,5,5,3,5,4,4,4,3,5,4,4,4,2,5,3,4,,,,,,,,,,,,,,,,,,1
2,1,2,1,1,4,4,4,5,5,5,2,4,4,4,5,5,4,2,5,5,4,4,,,,,,,,,,,,,,,,,2,2,2,1,2,2,1,2,1,1,7,7,7,4,4,,0
2,1,2,1,1,4,5,4,5,4,3,1,4,3,5,5,5,4,2,5,5,4,4,,,,,,,,,,,,,,,,,1,1,1,1,1,1,1,1,1,1,8,8,8,8,6,,0
2,1,2,1,1,5,4,5,5,5,5,3,4,4,5,5,5,4,2,5,2,5,5,4,2,4,3,5,3,2,4,3,3,5,4,5,3,5,Taylor has time and time again proven her loyalty to her fans and how she is morally driven. She treats people with the utmost respect and just loves to write music to reach all different kinds of people. ,,,,,,,,,,,,,,,,,1
2,4,1,2,1,5,5,5,5,5,5,5,4,5,5,5,5,5,4,5,4,5,4,4,4,4,2,4,4,2,4,1,4,4,1,4,1,4,,,,,,,,,,,,,,,,,,1
2,4,2,1,1,4,5,5,5,4,5,4,2,4,5,5,5,4,4,5,4,4,4,5,5,5,3,5,5,5,5,3,5,5,5,5,3,5,,,,,,,,,,,,,,,,,,1
2,1,2,3,1,5,5,4,4,4,5,1,4,2,3,5,5,5,2,5,5,5,5,,,,,,,,,,,,,,,,,4,1,2,1,1,4,1,1,1,1,8,7,7,7,5,Itâ€™s hard to disengage with someone you idolise however I believe If someone went against my direct beluga I would find it hard to continue to support them however I do think itâ€™s important to do your own research about celebrities like Taylor especially when scandals happen as thatâ€™s when misinformation is increasingly prominent and it too easy to jump on bandwagon hate ,0
2,1,2,1,2,5,4,3,5,4,5,4,5,4,5,5,5,5,3,5,5,5,4,4,3,5,4,4,3,2,2,2,2,4,2,4,3,4,,,,,,,,,,,,,,,,,,1
2,1,2,1,1,5,3,5,5,4,5,2,3,3,5,5,5,5,4,5,5,5,4,5,5,5,4,5,5,5,5,3,5,5,5,5,3,5,,,,,,,,,,,,,,,,,,1
2,1,1,3,1,5,5,4,5,5,5,5,5,4,3,5,5,5,5,5,5,5,5,,,,,,,,,,,,,,,,,5,5,5,1,5,4,4,4,1,4,8,8,8,7,8,,0
2,1,2,3,1,5,5,4,5,4,4,2,4,3,3,5,5,5,2,5,4,4,5,,,,,,,,,,,,,,,,,2,1,3,1,1,2,1,2,1,1,7,7,8,6,6,,0
2,4,2,3,1,3,2,1,4,2,2,1,1,3,2,3,1,2,1,1,4,2,1,1,1,3,1,3,3,2,3,3,3,3,2,3,1,3,,,,,,,,,,,,,,,,,,1
2,4,2,1,1,4,4,4,5,4,4,2,4,2,3,5,5,5,5,2,5,5,5,2,4,5,2,2,1,2,2,1,1,4,4,4,3,4,,,,,,,,,,,,,,,,,,1
2,4,2,5,1,5,3,2,5,3,5,1,4,1,3,5,4,2,1,5,3,5,5,5,1,3,2,3,5,1,3,2,3,5,1,3,2,3,"Her music makes me happy and inspires me, so of course I want to support her and meet her. But as a climate activist I am fully aware of her actions and will never buy her merch/physical albums because of that. Streaming makes no difference given how little money every stream makes and she has millions of hyper-dedicated fans.",,,,,,,,,,,,,,,,,1
2,5,4,4,1,5,4,5,5,5,4,4,4,3,5,5,5,5,1,3,4,5,5,,,,,,,,,,,,,,,,,4,1,5,2,3,4,1,5,2,3,7,4,7,4,5,"Some people can separate from the artist, some people think this should not be the case. I personally find that her music means so much to me I donâ€™t think I would stop listening to her music. The change that would occur, for me anyway, is that I would be less invested in her and her life. I would only be associated her by her music alone. She produces quality on a historical level, evidenced by many groundbreaking awards. And it doesnâ€™t mean she should be given a free card to do whatever she likes. I just feel that her music exists and should be respected in its own right. Discussing cancel culture, I think it is a reflection on society that back in 2016 the internet â€˜cancelledâ€™ Taylor Swift when it was Kanye West who called her a b***h. That was inappropriate, alongside the extremely derogatory music video. People were okay with that but not okay with a woman saying she had been manipulated. Hatred of her is rooted in misogyny. When people criticise her, for example her carbon emissions, I always acknowledge this. But she canâ€™t take a commercial flight, as evidenced by the recent stalker news. I acknowledge she has faults in that regard but I dislike it when people judge her based on the sole negative comments circulating in the media rather than her very many credible achievements. People who donâ€™t even care about the environment will use that as an excuse to hate on her.",0
2,1,2,3,1,5,4,5,5,4,5,5,4,5,5,5,4,5,4,5,5,5,5,5,4,5,4,5,3,3,3,3,4,2,1,3,1,3,"I support her, however, If she makes choices that affect her  fans super negatively, my excitement dips.  About private jet.. well, nobody realistically is going against big companies contributing to pollution.",,,,,,,,,,,,,,,,,1
2,4,1,1,1,5,5,3,5,5,5,5,5,5,3,5,5,5,5,5,5,5,5,,,,,,,,,,,,,,,,,5,5,5,5,5,4,4,4,4,4,7,7,7,5,6,Iâ€™m a Christian and you should be as well. Contact me for a bible studyðŸ‘€,0
2,1,2,1,1,5,5,4,5,4,5,2,5,4,5,5,5,5,2,5,5,5,4,,,,,,,,,,,,,,,,,4,1,4,2,3,5,1,4,1,3,8,7,8,6,8,A transphobic comment or hanging out with politicians I do not support would have more of an impact for me than finding out she cheated. What she does in her romantic relationships is not my business,0
2,1,2,2,1,3,4,4,4,4,2,1,4,4,3,4,2,4,1,4,1,4,2,,,,,,,,,,,,,,,,,1,1,1,1,1,2,1,2,1,1,7,6,6,6,6,I care more about the politics of the artists I listen to than whether they have cheated on someone or not,0
2,4,2,3,1,5,4,5,5,4,5,2,4,4,3,5,5,5,1,5,4,5,4,4,1,5,1,3,2,1,3,1,1,1,1,3,1,1,"I love her music and deeply respect her as a role model but if her actions no longer align with my values I wouldnâ€™t be able to support her for my own conscience, although I might still listen to her music.",,,,,,,,,,,,,,,,,1
2,1,2,3,1,3,4,4,5,3,4,1,4,3,3,5,5,5,3,5,5,5,4,,,,,,,,,,,,,,,,,3,1,3,1,1,4,1,4,2,1,8,8,8,7,7,"For the cheating, its pretty much public knowledge that she has cheated before, so that wouldnt really be a change",0
2,1,2,1,1,4,5,5,5,5,5,4,4,4,5,5,5,5,4,5,5,5,5,5,4,5,3,5,3,2,4,3,4,5,2,5,3,4,Iâ€™m a student ,,,,,,,,,,,,,,,,,1
2,5,2,1,1,2,4,2,5,4,2,1,4,4,5,5,4,4,4,5,4,4,4,1,1,4,1,4,1,1,1,1,4,1,1,1,1,4,She makes good music but she aint a saint,,,,,,,,,,,,,,,,,1
2,4,1,3,2,5,5,5,4,5,5,4,4,3,5,5,5,5,4,5,5,5,5,,,,,,,,,,,,,,,,,2,2,2,3,4,3,2,3,2,4,5,5,5,6,7,,0
3,5,1,2,1,5,5,5,5,5,5,1,5,4,5,5,5,5,5,5,5,5,5,,,,,,,,,,,,,,,,,2,2,3,2,3,2,2,3,2,3,7,7,8,7,8,,0
2,4,2,5,1,2,1,2,3,4,1,2,3,1,5,3,1,2,1,1,4,2,2,,,,,,,,,,,,,,,,,2,5,1,2,1,2,1,1,1,1,5,4,5,4,8,last answer shouldâ€™ve been strongly disagree not strongly agree- entered it wrong and canâ€™t go back,0
2,1,2,1,1,3,3,1,5,3,2,1,3,1,4,5,2,3,1,4,2,4,3,4,1,5,1,4,2,5,3,1,2,5,1,5,1,3,I see her as a normal human being with flaws too. Additionally I donâ€™t see her as her music. I love her music but throughout the last couple of years I have realised that as I donâ€™t know her as a person and never will I wonâ€™t defend her personality etc. Oh but I would love to meet her to hear her sing live ,,,,,,,,,,,,,,,,,1
2,1,2,3,1,3,5,4,4,2,4,2,2,3,2,5,4,5,3,5,3,5,5,4,4,4,3,4,5,4,5,4,4,3,3,5,4,4,,,,,,,,,,,,,,,,,,1
2,5,2,1,1,3,2,3,4,3,2,1,3,4,5,4,2,4,1,1,1,4,1,3,1,3,2,3,2,1,2,1,2,2,1,1,1,4,opinions differ depending on if the scenario is worse then the other,,,,,,,,,,,,,,,,,1
2,1,2,1,1,5,5,5,5,5,5,3,5,3,5,5,5,4,5,5,5,5,5,,,,,,,,,,,,,,,,,2,1,2,1,1,1,1,2,1,1,7,7,7,7,6,"Although I am a Taylor Swift fan, my support for her comes from not only the fact I like her music, but the fact she is a genuine person who cares about her fans and also has a progressive view on society and politics. If this changed, this would no longer reflect my beliefs and I would not be able to support her as a fan. ",0
2,1,3,3,1,2,4,4,4,2,4,1,2,3,2,5,4,4,1,4,4,4,2,3,2,2,2,3,2,2,3,2,3,3,2,3,2,2,I dont really believe in cancel culture,,,,,,,,,,,,,,,,,1
2,4,2,1,1,4,5,4,5,5,4,4,4,2,3,5,5,4,3,5,4,5,5,,,,,,,,,,,,,,,,,2,1,1,3,2,3,1,2,3,4,8,5,7,7,4,,0
2,1,2,1,1,4,5,3,5,1,4,1,4,1,4,5,4,4,1,4,1,5,4,,,,,,,,,,,,,,,,,1,3,5,2,3,5,3,4,2,3,7,6,8,4,5,"I donâ€™t know her personally and I can disconnect her work from her as a person, regardless of whether I agree with everything she says or does",0
2,4,3,4,1,3,3,4,4,5,3,1,2,1,4,5,2,4,1,4,4,5,4,4,1,3,2,3,4,1,3,1,3,4,3,3,1,3,"I really enjoy her music but I see them as separate from her as a person, and am not that interested in her personally, thus I would continue listening to her music but would not make other moves to support her in those scenarios",,,,,,,,,,,,,,,,,1
2,1,3,3,1,4,5,4,5,3,4,1,2,2,2,5,5,4,5,1,5,2,4,,,,,,,,,,,,,,,,,1,1,3,1,1,2,1,3,1,1,5,5,5,4,4,,0
2,1,2,3,1,5,5,2,5,5,5,2,5,5,5,5,5,5,3,5,5,5,5,,,,,,,,,,,,,,,,,4,3,4,1,4,1,1,1,1,1,7,6,6,4,7,"i really love and enjoy taylor swifts music and social media presence, i don't agree with all of the things she does and i don't defend her when she acts wrongly or immorally, but continue to enjoy her music ",0
2,1,2,3,1,4,5,5,5,4,3,1,4,2,3,5,5,5,5,5,5,5,5,,,,,,,,,,,,,,,,,4,1,4,1,3,2,1,3,1,2,8,7,8,4,8,"I believe you can separate the art from the artist (hence why I would still continue to stream the music I enjoy, not necessarily to support her) which is why I would stop buying merch from her, following on socials doesnâ€™t have much of an impact on me so if i were or werenâ€™t happy with something she did, I probably wouldnâ€™t even notice I was still following",0
2,1,2,4,1,4,5,5,5,3,4,2,4,4,3,5,5,5,2,5,5,5,3,5,4,5,4,3,2,2,2,2,1,5,5,5,1,3,,,,,,,,,,,,,,,,,,1
2,1,2,1,1,5,5,5,5,5,3,2,4,5,3,5,5,5,1,5,1,4,1,,,,,,,,,,,,,,,,,5,3,5,2,5,5,3,5,1,4,8,6,8,4,7,,0
2,1,2,3,1,4,5,5,5,4,5,3,4,3,5,5,5,5,2,5,5,5,4,,,,,,,,,,,,,,,,,2,2,4,2,2,2,2,4,1,2,7,7,8,5,7,,0
2,1,2,1,1,5,5,5,5,4,4,1,4,3,5,5,5,5,2,5,5,5,4,4,4,4,2,4,4,2,4,2,4,4,2,4,2,4,I would still carry on streaming her music because I enjoy the Melodieâ€™s and the tunes. If she didnâ€™t something controversial I wouldnâ€™t necessarily agree with her as a person but I would continue to enjoy the music as thatâ€™s just my taste in music. And I would still like to meet her in person as she has been an idol to me from a young age and if possibly like to question her decisions.,,,,,,,,,,,,,,,,,1
2,1,2,1,1,4,4,4,5,5,5,2,3,3,3,5,4,4,3,5,2,5,4,4,4,4,2,3,3,3,4,2,3,4,2,4,2,3,,,,,,,,,,,,,,,,,,1
2,1,2,3,1,4,4,3,5,3,4,1,4,3,5,5,5,4,2,4,4,4,1,,,,,,,,,,,,,,,,,3,2,3,2,3,3,2,3,2,3,7,6,7,6,6,,0
2,1,2,3,1,5,5,5,5,5,5,4,5,2,5,5,5,5,3,5,5,5,5,5,5,5,3,5,5,5,5,2,5,5,3,5,3,5,She saved me at a moment I had nothing but her music and interviews ,,,,,,,,,,,,,,,,,1
2,1,2,1,1,5,5,5,5,5,5,2,5,4,5,5,5,5,5,5,5,5,5,,,,,,,,,,,,,,,,,4,4,4,1,3,5,5,5,1,3,8,8,8,5,7,,0
2,1,2,1,1,5,3,2,2,5,2,1,1,2,4,5,5,5,1,5,4,4,4,4,1,4,1,1,4,1,4,1,1,2,1,4,1,1,"Sheâ€™s a human, her job means she should consider her fans. However fans should realise she is a musician and not to focus on her personal life ",,,,,,,,,,,,,,,,,1
2,1,2,1,1,5,4,4,5,4,4,2,4,4,5,5,5,5,3,5,4,5,4,4,2,4,1,4,4,1,4,1,4,4,1,4,1,3,,,,,,,,,,,,,,,,,,1
2,4,2,3,1,5,4,2,4,4,3,2,4,4,3,5,4,4,1,1,5,4,4,3,1,3,2,3,3,1,2,2,2,1,1,1,1,1,,,,,,,,,,,,,,,,,,1
2,5,2,4,1,3,4,3,5,4,4,1,4,3,2,4,4,3,3,5,5,4,2,,,,,,,,,,,,,,,,,2,1,2,1,1,3,2,2,1,1,8,8,8,5,4,,0
2,1,2,1,1,2,5,4,5,4,4,3,4,4,3,5,5,5,2,5,5,5,3,3,2,2,3,3,3,4,2,2,2,4,2,3,2,2,,,,,,,,,,,,,,,,,,1
2,1,2,1,1,5,4,5,5,5,4,2,4,3,3,5,5,3,1,1,4,4,1,,,,,,,,,,,,,,,,,2,1,2,1,1,2,1,1,1,1,7,6,7,4,5,,0
2,1,2,1,1,4,5,4,5,4,5,4,4,4,3,5,5,5,5,5,5,5,1,5,5,5,4,5,4,4,4,3,5,5,5,5,5,5,"i love her music and i am able to disassociate the music from the person, lots of artist and famous people do bad things. ",,,,,,,,,,,,,,,,,1
2,1,2,3,1,5,4,2,5,4,4,2,4,4,4,4,5,5,5,5,5,4,2,,,,,,,,,,,,,,,,,2,1,2,1,1,2,1,1,1,1,7,6,7,5,6,"My belief on Celebrities, including Taylor Swift, I believe that some things are completely inexcusable and I would have to no longer support. However a person can make a mistake like cheating - and I will not defend the action however I do not feel so strongly that I would stop supporting. ",0
2,1,2,2,1,5,5,5,5,5,5,2,5,4,3,5,5,5,5,5,5,5,2,,,,,,,,,,,,,,,,,4,2,4,1,4,5,5,5,5,5,8,8,8,8,8,i love taylor swift,0
2,1,1,3,1,4,2,1,5,3,4,2,4,4,3,5,5,4,2,4,5,4,2,5,4,5,2,5,4,2,3,1,4,5,5,5,2,5,,,,,,,,,,,,,,,,,,1
2,1,2,5,1,3,4,2,5,3,5,1,3,4,5,5,5,5,5,5,5,5,1,4,4,4,1,5,4,4,4,1,3,5,4,4,1,4,,,,,,,,,,,,,,,,,,1
2,1,2,3,1,4,5,3,5,4,5,3,3,2,3,5,4,5,1,4,4,5,2,3,3,3,2,3,2,1,2,1,2,4,2,4,1,3,"I have morals but I can separate the art from the artist of the situation is not too extreme, however of people are dying that is too far for me to be able separate",,,,,,,,,,,,,,,,,1
2,1,2,1,1,5,5,2,5,4,5,1,5,3,5,5,4,4,1,5,5,4,3,,,,,,,,,,,,,,,,,1,1,2,1,1,2,2,3,1,2,7,7,7,6,7,More passionately against transphobia than I would be re cheating ,0
2,1,2,3,1,4,4,5,5,4,5,2,4,3,4,5,5,4,1,5,4,5,5,,,,,,,,,,,,,,,,,4,2,4,1,2,4,2,4,1,2,7,7,7,4,6,,0
2,1,2,3,1,4,5,4,3,5,5,1,2,4,3,5,4,3,2,2,5,4,2,4,2,4,2,2,3,1,2,1,1,4,2,3,2,2,,,,,,,,,,,,,,,,,,1
2,4,2,5,1,4,1,3,5,4,3,1,4,2,3,5,5,4,1,2,2,1,1,,,,,,,,,,,,,,,,,1,1,4,1,1,1,1,4,1,1,7,7,7,4,4,,0
2,1,2,1,1,5,5,5,5,4,5,1,5,2,5,5,5,5,5,5,5,5,1,5,5,5,2,3,5,5,5,2,3,5,4,5,2,3,,,,,,,,,,,,,,,,,,1
2,1,2,1,2,4,5,4,5,3,4,1,4,3,3,5,4,3,1,5,4,4,1,,,,,,,,,,,,,,,,,3,3,4,3,3,4,3,4,3,3,7,6,7,6,6,I enjoy and admire Taylor as an artist (especially her music and entertainment/show skills) but Iâ€™m not emotionally attached to her private life as I know sheâ€™s a complete stranger to me.,0
2,1,2,2,1,5,5,4,5,4,5,4,2,3,5,5,5,5,5,5,5,5,2,,,,,,,,,,,,,,,,,4,2,3,1,4,4,1,2,1,2,8,6,7,5,7,"Her music is a big part of my life and feels separate from her actions as a person, so I think I would prioritise the importance of that work to my daily life over the slight financial difference to her because it's important to my experience of emotions and my quality of life. However, I wouldn't stand by her personality if I didn't agree with her actions and would stop spending money on buying her albums and merch if her actions were harming a group of people.",0
2,4,2,1,1,1,1,1,1,1,2,3,4,1,5,2,3,1,2,2,3,4,2,1,3,2,2,1,2,2,2,2,1,2,4,3,3,1,,,,,,,,,,,,,,,,,,1
2,1,2,5,1,5,5,5,5,3,4,2,4,1,5,5,5,5,4,4,4,5,2,4,4,4,3,4,3,2,4,2,4,4,1,2,1,3,There should be a degree of separation between an artist and their music for example you can love someoneâ€™s music and admire their craft and not know or like the artist behind it. therefore if taylor swift was behaving in a way i didnâ€™t agree with then i would still listen to her music but i would engage less with her socials and would stop idolising her as a celebrity and just listen to the music.,,,,,,,,,,,,,,,,,1
2,1,2,3,1,4,4,4,5,4,3,2,4,3,5,5,4,4,2,5,4,4,4,,,,,,,,,,,,,,,,,2,1,2,1,1,2,1,2,1,1,7,5,6,6,6,,0
2,1,2,1,1,5,5,4,5,4,3,3,4,4,4,5,4,5,4,5,5,5,3,4,2,4,3,4,2,2,3,1,2,2,2,2,1,2,Difficult to seperate her music from her actions,,,,,,,,,,,,,,,,,1
2,4,3,3,1,2,4,4,3,4,2,1,2,2,5,5,4,2,1,1,1,2,3,2,1,1,1,1,3,1,2,1,1,2,1,4,1,1,"Despite having been a fan for years, I feel no need to have a relationship with her, and I guess that allows me to remain objective iin my perception of her.",,,,,,,,,,,,,,,,,1
2,4,2,1,1,4,4,2,4,4,4,4,2,4,2,5,4,4,1,1,4,5,4,,,,,,,,,,,,,,,,,5,5,5,5,5,4,1,1,1,4,8,7,7,5,7,Her music has been such a huge comfort and source of joy to me that I would probably continue to listen even if if she became a more controversial figure but I wouldn't support her publicly or on social media.,0
2,1,2,3,1,5,5,5,5,5,5,3,4,1,5,5,3,4,2,5,2,4,1,,,,,,,,,,,,,,,,,1,1,1,1,1,1,1,1,1,1,7,7,8,6,7,"She has a large fan base meaning she is very influential, if she is sharing transphobic/controversial ideology it would make me feel uncomfortable as she will be influencing people to share that ideology, creating a toxic fanbase, however anything relating to her personal life eg, cheating i wouldnâ€™t judge too hard on as we donâ€™t have reasoning and full details of her personal life.",0
2,1,2,3,1,3,4,4,5,5,5,4,4,3,2,5,5,4,4,5,5,4,4,5,5,5,5,5,5,5,5,5,5,5,3,5,2,5,,,,,,,,,,,,,,,,,,1
2,1,2,1,1,3,4,4,5,4,3,3,3,3,4,5,5,4,1,4,5,5,3,5,3,4,3,3,3,3,3,2,3,4,3,3,2,3,i listen to her music because i like her music. i donâ€™t have to like every single thing she does or says or believes in in order to resonate and like the art she produces ,,,,,,,,,,,,,,,,,1
2,1,2,3,1,4,5,4,5,4,4,1,2,2,4,5,5,5,2,5,4,5,4,,,,,,,,,,,,,,,,,2,1,2,1,2,4,1,2,2,2,8,6,7,5,7,"I think views such as transphobia, racism etc would deter me from supporting her but something more personal to her like cheating is less detrimental to society as a whole and iâ€™d continue streaming etc",0
2,4,2,1,1,4,4,4,5,5,4,4,4,4,5,5,5,4,4,5,5,5,4,,,,,,,,,,,,,,,,,1,1,1,1,1,2,2,2,2,2,5,4,4,4,4,,0
2,1,2,1,1,4,4,5,5,5,4,2,4,1,5,5,5,5,5,5,5,5,4,4,4,4,2,3,3,2,3,1,1,2,1,1,1,1,Iâ€™m a massive fan of Taylor and know many people have problems with her carbon emissions which isnâ€™t something she has commented on and also isnâ€™t something I myself am too worried about. However if she was to cause death when she had warning etc or raised ticket prices I wouldnâ€™t feel comfortable defending her actions or supporting her financially ,,,,,,,,,,,,,,,,,1
2,1,2,1,1,4,5,3,5,1,4,1,4,2,4,5,5,5,5,5,5,5,4,,,,,,,,,,,,,,,,,1,1,1,1,1,1,1,1,1,1,7,7,7,5,7,Because you dont know the circumstances and her actions are only affectint her personal life not her public life,0
2,1,3,2,1,4,4,5,5,5,3,2,3,4,4,5,4,4,2,5,4,5,4,4,3,5,3,5,5,1,4,2,3,4,1,4,2,3,"I still enjoy the music and streaming only makes 0.003p per stream on spotify, whereas merch costs and profits her more",,,,,,,,,,,,,,,,,1
2,5,1,1,1,5,4,5,5,5,4,3,3,3,1,5,5,3,3,3,5,5,5,,,,,,,,,,,,,,,,,4,4,4,3,4,4,4,4,3,4,7,6,7,6,7,"There are plenty of musicians who have done bad things. E.G. Michael Jackson, because itâ€™s Taylor Swift doesnâ€™t mean we wonâ€™t separate her from the music as well like people do with Michael Jackson. I still listen to Arcade Fire and Roisin Murphy, both have which have been called out but their music is very personal to me so I still listen to it. Taylor isnâ€™t this other worldly being. She represents the girl next door who you donâ€™t pay much attention to. The one whoâ€™s not in the group chats, the one boys see as just another straw in a haystack that is modern life. Taylor makes people feel special because it connects with their emotions (her music).",0
2,1,2,3,1,5,5,5,5,4,5,3,5,3,5,5,5,5,5,5,5,5,5,4,4,5,3,4,3,3,3,3,3,3,3,3,3,3,Some of the things listed are things she definitely wouldnâ€™t do. She is very caring and empathetic toward her fans and always makes sure they are content and happy with everything she does. ,,,,,,,,,,,,,,,,,1
2,1,2,1,1,5,5,5,5,4,4,3,5,4,5,5,5,5,4,5,5,5,1,,,,,,,,,,,,,,,,,4,1,2,2,3,4,2,1,1,2,8,8,8,8,8,I would still want to listen to her music because itâ€™s my favourite but I wouldnâ€™t support her as a person anymore ,0
2,1,1,2,1,5,4,5,5,4,5,3,5,5,2,5,5,5,4,5,4,5,4,5,5,5,5,5,5,4,5,5,5,5,4,5,5,5,obviously cancelling a celebrity depends on circumstance and i donâ€™t think any of the situations provided are circumstances which should result in complete cancellation. It would be and is important to hold her to account for these but i think i feel so passionately about her music and believe sheâ€™s a good enough person that it would take a much more serious offence for me to completely cancel her ,,,,,,,,,,,,,,,,,1
3,1,2,1,1,2,4,4,5,5,5,1,5,4,2,5,5,5,2,5,5,5,1,,,,,,,,,,,,,,,,,2,1,1,1,2,2,1,1,1,2,8,8,8,6,6,The first scenarios were against my personal principles but the cheating scenario is something that we as fans would not know the real facts of. And it would make great songs!,0
2,5,2,1,1,4,4,2,5,5,5,2,2,1,5,5,5,5,1,5,5,5,1,,,,,,,,,,,,,,,,,4,1,4,1,2,5,2,5,1,2,8,8,8,7,8,"Cheating is a human mistake, doesnâ€™t necessarily make you a bad person whereas being transphobic and spreading hate is a moral choice ",0
2,1,2,3,1,4,5,4,5,4,5,1,2,2,5,5,4,5,2,3,2,4,3,4,3,5,2,3,3,2,4,1,2,4,1,3,2,2,I am a fan but I would not defend her if she was doing things I personally disagree with,,,,,,,,,,,,,,,,,1
2,5,1,1,1,4,5,4,5,3,3,3,4,2,2,5,5,5,4,5,5,5,4,2,2,4,4,4,4,3,4,2,4,4,4,4,4,4,,,,,,,,,,,,,,,,,,1
2,4,2,2,1,5,5,5,5,5,5,5,5,3,5,5,5,5,4,5,2,4,5,,,,,,,,,,,,,,,,,1,1,1,1,1,1,1,1,1,1,8,7,8,5,8,She usually stands for the right things and is one of the most powerful women of our time. It would take a very heinous act to stray me off of taylor swift but if the time comes i would NOT hesitate to speak up against her cause blindly following someone is wrong as well. I truly live her and adore her and sternly believe in the things she supports right now.,0
2,1,2,3,1,5,4,3,5,4,5,2,3,2,5,5,5,5,1,5,5,5,4,4,1,4,2,4,3,1,2,2,4,3,1,5,3,4,,,,,,,,,,,,,,,,,,1
2,1,2,1,1,5,5,4,5,4,4,2,5,4,2,5,4,5,2,4,5,5,4,,,,,,,,,,,,,,,,,4,2,2,1,2,4,4,4,3,4,8,7,8,5,7,"I donâ€™t listen to her music just because I like her, I really enjoy her music regardless of who she is.  ",0
2,1,3,2,1,5,5,5,5,5,5,4,4,3,5,5,5,5,3,3,5,5,5,5,5,5,5,5,4,4,4,4,4,5,5,5,5,5,i have a parasocial relationship with taylor and will go to the ends of the earth to defend her,,,,,,,,,,,,,,,,,1
2,1,2,1,1,5,5,5,5,5,4,1,5,4,5,5,5,5,4,5,5,5,5,,,,,,,,,,,,,,,,,5,4,5,2,3,5,4,5,1,3,8,8,8,8,8,He might have deserved it,0
2,1,2,4,1,5,5,5,5,5,5,3,5,4,5,5,5,5,5,5,5,5,5,,,,,,,,,,,,,,,,,1,1,2,1,3,4,3,4,3,3,8,6,7,7,8,,0
2,1,2,3,1,4,5,5,5,5,5,4,4,3,5,5,5,4,3,5,4,5,4,4,4,4,3,5,4,4,4,2,4,4,2,4,2,2,,,,,,,,,,,,,,,,,,1
2,5,2,1,1,4,5,5,5,4,4,1,4,2,4,5,5,5,1,4,3,5,4,5,2,5,1,4,5,1,4,1,2,5,5,5,3,5,"She is her own person, I like her music so I would keep listening but would feel less likely to support her or buy her merch.",,,,,,,,,,,,,,,,,1
2,1,2,1,1,5,5,5,5,5,5,3,5,4,3,5,5,5,4,5,5,5,3,5,5,5,4,5,4,4,4,2,3,5,4,5,2,5,,,,,,,,,,,,,,,,,,1
2,1,2,1,1,5,5,4,5,3,2,3,3,1,5,5,5,4,2,4,4,4,3,,,,,,,,,,,,,,,,,3,3,3,1,3,3,1,3,1,3,8,4,8,4,6,,0
2,1,2,2,1,4,4,3,5,2,4,2,3,2,5,5,5,5,4,5,5,5,4,5,5,5,3,5,4,4,4,3,5,4,3,5,3,5,"I have been a fan for almost 12yrs and I listen and support her because I love the music and lyric mastery she has achieved. Being a huge celebrity she is bound to have large carbon emissions as she cannot for safety do things such as travel on a commercial airplane. As to the weather condition question, realistically it isnâ€™t purely down to Taylor regarding the safety of the fans at the concert as itâ€™s very much the venue staff themselves and her team making those decisions. Additionally, the fans can see the weather and judge the safety themselves itâ€™s not down to Taylor. She is still a human being and itâ€™s not entirely her responsibility",,,,,,,,,,,,,,,,,1
2,1,2,3,1,4,5,3,4,4,4,2,2,2,5,5,5,5,5,5,5,5,4,4,2,4,1,3,4,4,4,4,3,2,2,4,2,3,"Celebrities and their carbon footprints is a wider issue than just Taylor Swift so I feel it is unfair and ineffective to simply blame her, but I agree that she is part of the problem. Targeting individuals is not the solution to these problems, it is the structures in place that run these events who make the changes and who should follow a stricter moral code. ",,,,,,,,,,,,,,,,,1
2,1,2,2,1,5,5,4,5,4,5,4,5,3,5,5,5,5,4,5,5,4,4,,,,,,,,,,,,,,,,,2,2,2,1,3,4,2,4,1,3,8,4,8,6,8," transphobia and supporting someone who negatively impacts others lives, with her platform, is not something i support however cheating on a partner is her own personal life and is none of my business ",0
2,1,2,3,1,5,5,5,5,5,5,1,5,4,5,5,5,5,2,5,5,5,3,4,4,5,4,5,4,3,4,3,5,4,3,4,4,4,,,,,,,,,,,,,,,,,,1
2,1,2,2,1,5,5,5,5,5,5,3,3,4,2,5,5,5,5,5,5,5,5,3,3,5,3,5,4,4,4,3,3,4,4,5,4,4,,,,,,,,,,,,,,,,,,1
2,1,2,3,1,5,5,5,5,4,5,3,5,4,5,5,5,5,5,5,5,5,4,,,,,,,,,,,,,,,,,2,2,2,1,3,2,2,4,3,3,7,7,7,6,7,I dont feel that a cheating scandal would put me off due to not knowing enough about a person and how common this is in industry with people who are still supported but any form of transphobia/ homophobia and ang racist or harmful political stances would as she has a lot of power and influence for change which could be dangerous with younger audiences etc ,0
2,1,2,1,1,5,5,5,5,3,5,3,4,2,4,5,5,5,5,5,5,5,5,5,5,5,4,5,5,5,5,5,5,5,5,5,4,5,"taylorâ€™s music is one of the only constants in my life and has genuinely helped me so much with my mental health, i couldnâ€™t stop streaming her music ",,,,,,,,,,,,,,,,,1
2,5,2,1,1,5,5,5,5,5,5,5,4,4,5,5,5,5,2,5,5,5,5,,,,,,,,,,,,,,,,,4,4,5,2,5,5,5,5,5,5,7,8,8,6,8,"I love her music, and even if I didnâ€™t like Taylor as a person, I would still love her music and listen to her songs",0
2,1,2,1,2,5,4,5,5,5,5,5,4,4,5,5,5,5,2,5,4,5,4,4,4,5,4,4,4,4,4,4,4,4,4,4,4,4,She showed us so many times before the kind is person she is that I think itâ€™s very important to know (in this cases) what happened â€œbehind the scenesâ€ and what was the train of though that lead to make those decision ,,,,,,,,,,,,,,,,,1
2,1,2,1,1,5,5,5,5,5,5,2,5,4,2,5,5,5,5,5,5,5,4,5,5,5,4,5,5,5,5,3,5,5,5,5,5,5,because i love taylor swift she is mother ,,,,,,,,,,,,,,,,,1
2,1,2,1,1,3,4,3,2,2,2,1,4,2,2,4,4,4,2,4,4,2,2,,,,,,,,,,,,,,,,,4,1,2,1,1,4,2,2,1,1,7,7,5,5,4,I view her music as just that. Any transgressions may make me not want to buy merchandise etc but if I like a song I wouldnâ€™t stop streaming it just for that purpose alone,0
2,5,2,1,1,4,5,4,5,5,5,2,5,4,5,5,5,5,1,1,4,5,4,,,,,,,,,,,,,,,,,2,1,4,1,5,5,1,4,1,5,8,8,8,8,8,Ppl might think im a bad person for how I answered those questions but realistically majority of ppl wouldnt stop following her they just would hide it ,0
2,1,2,1,1,4,2,1,5,5,4,1,5,2,5,5,4,5,1,5,5,5,5,,,,,,,,,,,,,,,,,5,2,5,1,2,4,1,4,1,1,8,8,8,8,8,"Iâ€™m more a fan of her music than he as a person. People do morally questionable things, doesnâ€™t mean I canâ€™t still enjoy her music. However if Taylor became a part of a political movement I actively disliked I would struggle to defend her as a person.",0
2,1,2,1,1,2,5,4,5,4,5,1,2,4,1,5,5,4,1,4,5,4,1,5,2,5,1,5,5,2,5,2,4,5,5,5,2,5,,,,,,,,,,,,,,,,,,1
2,1,2,3,1,4,5,3,5,4,5,4,3,4,3,5,5,4,3,4,5,5,3,,,,,,,,,,,,,,,,,3,4,3,2,3,4,4,4,4,4,8,8,8,8,8,separate art from the artist and some things are a bigger issue than they seem,0
2,1,2,2,1,4,5,4,5,4,5,5,5,2,5,5,5,5,4,5,5,5,2,4,4,4,1,3,4,4,4,2,3,5,5,5,1,3,A lot of things are beyond her control i think but also doesnâ€™t absolve her of responsibility which is why it is difficult. i think where there is a grey area is when it is a clear choice on her part (like environment stuff). also there is a difference to me in publically supporting her as a person (when we have no real idea how she feels and why she does the things she does) and supporting her music and the ways she has helped us with that,,,,,,,,,,,,,,,,,1
2,1,2,1,1,2,4,4,5,2,4,2,5,4,3,5,4,5,1,5,4,5,5,,,,,,,,,,,,,,,,,2,1,1,1,1,3,1,2,1,1,8,7,8,5,8,"Transphobic comment- I wouldnâ€™t agree with that and wouldnâ€™t want to support someone, however if there was a way I could stream her music indirectly I would, political figure- depends on the context (who, what event etc), cheating even though bad, is not a big enough dealing for me to stop listening to her, I wouldnâ€™t necessarily defend her",0
2,4,1,1,1,4,4,5,5,4,5,3,4,3,2,5,4,4,3,5,1,5,5,5,4,5,3,5,4,3,4,2,5,5,2,4,1,5,Everyone's got skeletons in their closet. Just because they are brought to light it doesn't mean she's any worse of a person than me. I still love Taylor. ,,,,,,,,,,,,,,,,,1
2,1,3,3,1,5,5,4,5,4,5,5,5,4,5,5,5,5,5,5,5,5,5,,,,,,,,,,,,,,,,,4,2,4,2,5,4,5,4,2,3,8,8,8,5,7,as someone whoâ€™s been a fan of yer for years and grown up loving taylor swift i donâ€™t think iâ€™d be able to stop streaming her music as i have so many memories attached to them and they were my childhood and have helped me through a lot of things. i would however probbaly stop buying merch and not be able to enjoy her or like her as much as i love her now. ,0
2,1,2,1,1,2,3,2,5,2,4,1,2,2,3,4,4,5,2,5,1,4,1,,,,,,,,,,,,,,,,,4,4,4,1,3,2,3,2,1,2,7,7,7,5,7,,0
2,1,1,1,1,5,5,5,5,4,5,4,5,3,5,5,5,5,5,5,5,5,4,,,,,,,,,,,,,,,,,5,2,2,1,2,5,1,1,1,2,8,7,8,6,8,"I honestly feel like I couldnâ€™t stop listening to her music no matter what. I have been addicted to her songs since Red came out and Iâ€™m pretty sure that at this point itâ€™s some kind of coping mechanism. So if it came out that she was a terrible person or something similar then I would definitely keep listening to her music but I would not go out of my way to support her further by buying merch and tickets and stuff. However, she has been my idol since I was around 12 so I canâ€™t say that I wouldnâ€™t still want to meet her.",0
2,1,2,3,1,4,5,5,5,4,4,2,2,3,3,5,5,5,2,5,5,4,4,,,,,,,,,,,,,,,,,2,1,4,1,2,4,2,5,2,4,8,7,8,6,8,"I wouldnâ€™t react as negatively to the cheating as that is something that I wouldnâ€™t know the reason for and can be understandable in some situations, however the other two I would react more strongly as those views donâ€™t align with my own and find them unacceptable ",0
2,1,2,3,1,5,5,4,5,5,2,2,4,2,3,5,4,4,1,2,4,5,1,5,1,5,1,2,5,1,4,1,1,5,1,2,1,1,I believe in separating art from artist so I wouldnâ€™t stop listening to her music but I cannot defend her personally ,,,,,,,,,,,,,,,,,1
2,1,1,2,1,5,4,5,5,4,5,2,3,2,2,5,5,5,1,1,4,4,3,,,,,,,,,,,,,,,,,1,1,1,1,1,3,3,4,3,4,8,8,8,6,8,There will always be limits on how far I will enjoy someoneâ€™s work and whether I defend that persons work,0
2,1,2,3,1,3,4,4,5,2,4,2,4,2,5,5,5,4,4,5,4,5,4,4,3,4,4,4,4,2,2,2,2,4,1,2,3,2,Especially in the case of the contraversy questions i would listen to the music in the same idea of seperatd the arf from the artist. Although i do understand that continuing to stream her music would result in her still recieving money from my contributions.,,,,,,,,,,,,,,,,,1
2,1,2,1,1,4,3,4,3,3,4,2,4,2,4,4,3,4,1,4,1,4,1,,,,,,,,,,,,,,,,,4,2,4,3,2,4,2,3,2,2,7,5,6,5,5,"Coming from Kansas City, Kansas, much of the standard news outlets are reporting about her. Therefore, I do not much control whether I talk about her or not with my friends and family in the States. As I do not support her financially now, and she is basically problemless, I would find it difficult to support her financially when she was involved in a scandal.  ",0
2,4,2,3,1,4,5,2,5,2,2,1,4,4,5,5,5,5,2,4,5,5,4,,,,,,,,,,,,,,,,,1,1,1,1,1,1,1,1,1,1,7,7,7,7,8,no,0
2,5,2,5,1,4,5,4,5,4,4,2,5,3,5,5,5,5,4,5,5,5,5,,,,,,,,,,,,,,,,,2,1,1,1,1,2,1,1,1,1,7,7,7,4,7,I would not support her takes or personal decisions but I believe I would still listen to her music (illegally if possible to avoid supporting) but I have unfortunate strong emotional attachments to specific songs that I have to admit would be difficult to break,0
2,1,2,3,1,4,2,2,5,2,1,1,4,4,5,5,2,5,2,5,4,4,4,,,,,,,,,,,,,,,,,4,1,1,1,1,4,1,2,1,1,8,8,8,6,4,,0
2,1,2,1,1,4,4,5,5,4,4,2,3,1,3,5,5,5,1,5,4,5,4,4,2,5,2,3,3,1,3,1,2,2,1,3,1,2,,,,,,,,,,,,,,,,,,1
2,1,2,3,1,2,4,2,5,1,5,1,5,4,3,5,5,5,1,5,5,5,5,,,,,,,,,,,,,,,,,1,1,1,2,1,1,1,1,1,1,8,8,8,8,8,"I answered the first on the basis that she had somewhat malicious intent (not an accident or something that she did unknowingly and then educated herself and corrected her actions) and therefore because it is not just a bad decision that only affects her personally but also the public I would not support her. However, when Taylor Swift cheats on her boyfriends that is something within her personal life that only affects her and her partners and we can never know the full story or what happened etc. ",0
2,1,2,3,1,2,2,2,4,4,2,1,2,1,5,4,2,1,1,1,1,2,1,3,2,4,1,3,2,2,3,1,2,3,2,4,1,3,"I disagree with a lot of what she has done morally and believe she could use her platform for activism such as speaking up about global warming and what is going in Palestine. Me listening to her music is not me standing by her actions or supporting her financially, I just like her art.",,,,,,,,,,,,,,,,,1
2,1,2,1,1,2,3,2,5,1,3,1,2,1,5,5,4,3,2,5,4,4,1,5,2,5,1,3,4,1,2,1,3,4,1,4,1,3,"Streaming an artists music doesn't actually make them that much money, especially on spotify so I don't believe continuing to listen to a problematic artist us necessarily wrong. To some degree, you can separate the art from the artist. However, I would avoid buying physical merchandise or concert tickets as that is where the majority of income for artists comes from in 2024.",,,,,,,,,,,,,,,,,1
2,1,1,1,1,1,5,2,4,2,2,1,2,2,2,2,1,4,4,5,5,4,2,5,5,5,1,3,1,1,2,1,1,1,1,1,1,1,"I can just listen to the stuff of hers i have bought already, I dont need to give a crazy capitalist more money",,,,,,,,,,,,,,,,,1
2,1,2,1,1,4,5,4,5,4,5,1,4,1,2,5,5,5,2,5,4,5,4,,,,,,,,,,,,,,,,,5,2,4,1,5,4,1,4,1,4,8,7,8,4,8,"I definitely wouldnâ€™t agree with any of the previous actions, and wouldnâ€™t defend her just because I love her music. However, as long as the incident was not too extreme I think I would detach her work from her personal life.",0
2,1,2,1,2,5,2,4,5,4,5,1,2,1,4,5,5,4,4,5,1,5,5,5,5,5,4,1,5,5,5,4,1,5,5,5,2,1,,,,,,,,,,,,,,,,,,1
2,4,2,3,1,3,4,4,5,4,4,2,4,2,5,5,5,5,5,5,4,4,5,,,,,,,,,,,,,,,,,2,1,2,1,2,2,1,2,1,2,7,7,7,5,7,,0
2,1,2,2,1,3,4,4,5,2,4,1,4,2,3,4,5,4,2,5,2,4,2,,,,,,,,,,,,,,,,,1,1,1,1,1,1,1,1,1,1,7,7,7,7,7,,0
3,1,2,2,1,4,5,2,5,4,4,1,2,4,5,5,5,5,2,5,5,4,2,,,,,,,,,,,,,,,,,4,2,4,3,4,4,2,4,2,4,8,8,8,7,8,"My support would waver if something terrible surfaced about her, but her music has been a consistent part of my life for 15 years or so, so it would take a lot for me to stop supporting her entirely.",0
2,1,2,2,1,3,4,3,5,1,5,1,1,1,5,5,5,4,1,5,5,4,2,5,3,4,2,5,4,3,4,1,4,5,3,5,2,5,"i donâ€™t know taylor swift personally, so i will not defend her actions, choices or beliefs, because media may portray her in a certain light, i donâ€™t agree with her carbon footprints or capitalist tendencies, but i donâ€™t appreciate the assumption that solely enjoying taylor swifts music means i have an unhealthy obsession and parasocial relationship with her, celebrities like chris brown have done much worse but internalised misogyny and media leads the focus on a successful woman in the music industry",,,,,,,,,,,,,,,,,1
2,1,2,1,1,5,5,4,5,4,5,2,4,3,5,5,5,5,4,5,4,5,4,4,4,5,3,5,4,4,5,3,5,4,3,5,3,5,"I still like her music, the only thing that would make me stop listening to her or at least stop supporting her would be anything related to paedophilia or homophobia or racism etc.",,,,,,,,,,,,,,,,,1
2,1,2,3,1,5,5,4,5,4,5,3,5,3,5,5,5,5,2,5,5,5,4,5,5,5,3,5,5,5,5,5,5,5,5,5,3,5,,,,,,,,,,,,,,,,,,1
2,1,2,3,1,2,4,4,5,3,2,1,4,4,5,5,5,4,2,5,5,4,5,,,,,,,,,,,,,,,,,4,2,4,1,3,4,3,4,1,2,7,5,7,4,5,,0
2,1,2,3,1,3,4,3,4,4,4,1,2,1,4,5,5,5,2,5,4,5,2,,,,,,,,,,,,,,,,,3,2,3,2,2,3,2,3,2,2,6,6,6,5,6,,0
2,1,2,3,1,4,4,4,5,5,5,1,4,2,5,5,5,3,1,4,5,3,2,5,2,5,2,3,2,1,3,1,2,4,3,4,2,2,,,,,,,,,,,,,,,,,,1
2,1,2,1,1,4,4,4,5,5,3,2,2,2,2,5,3,3,2,5,5,3,1,3,3,4,3,4,4,3,4,3,4,4,3,3,3,4,"Her behaviour doesnâ€™t impact her talent or if I like her music, I will listen to the music because I like it rather than deciding to support her. I donâ€™t think my liking of her music impacts whether or not I agree with her views, I can make my own mind",,,,,,,,,,,,,,,,,1
2,1,2,1,1,5,5,5,5,5,3,2,4,4,2,4,4,5,4,5,5,4,1,2,2,5,1,5,3,1,4,1,4,4,4,4,1,5,,,,,,,,,,,,,,,,,,1
2,1,2,1,1,5,5,2,5,4,2,1,4,1,5,4,1,3,1,4,1,5,3,,,,,,,,,,,,,,,,,4,4,3,2,4,4,3,3,3,4,8,8,6,7,8,,0
2,1,2,5,1,3,4,4,5,3,4,1,4,2,2,5,5,4,3,5,4,4,4,4,2,4,2,2,3,1,2,1,1,4,1,4,1,1,"I feel like you can seperate the art from the artist with listening to music and streaming music doesnt make an artist that much money. Following on social media doesnt necessarily incidate support, but more keeping up to date",,,,,,,,,,,,,,,,,1
2,1,2,1,2,5,5,4,5,4,4,2,3,3,2,5,5,5,2,5,5,4,2,4,5,4,2,3,4,1,3,1,2,3,1,2,1,2,"I love taylor swift and her music. These things would make her a 'bad' person in my eyes, yet I have loved the musics and lyrics for some time so maybe separate art form the artist. ",,,,,,,,,,,,,,,,,1
2,1,2,3,1,4,5,4,5,4,4,1,4,2,5,5,5,5,4,5,5,5,4,4,2,5,1,2,4,2,5,1,1,5,2,5,1,1,"Because streaming is the primary way I listen to music, I wouldnâ€™t stop streaming her music if I disagreed with things she did but I would stop supporting her financially in other ways. ",,,,,,,,,,,,,,,,,1
2,1,2,1,1,1,5,5,5,4,3,3,4,3,5,5,5,5,4,5,5,5,4,,,,,,,,,,,,,,,,,5,4,3,2,4,5,4,4,4,4,8,6,6,6,6,,0
2,1,2,2,1,4,4,1,5,4,5,2,5,4,2,5,5,5,3,5,5,5,2,,,,,,,,,,,,,,,,,2,1,2,1,1,1,1,1,1,1,8,8,8,7,7,,0
2,1,2,1,1,1,2,1,4,1,2,1,1,1,3,5,1,4,1,5,4,4,5,4,3,2,1,3,5,1,3,1,2,4,3,3,1,1,,,,,,,,,,,,,,,,,,1
2,1,2,1,1,4,5,2,5,3,4,2,2,3,5,5,5,5,2,4,4,5,2,,,,,,,,,,,,,,,,,4,3,4,1,3,4,3,4,1,3,8,7,8,5,6,I would never defend her as a person but would continue to stream her music just cos I love it so much not cos I love her,0
2,4,2,5,1,4,5,4,5,4,5,1,4,4,5,5,4,5,2,5,4,5,1,,,,,,,,,,,,,,,,,4,1,4,2,2,5,1,2,4,4,8,7,8,7,8,"I liked her music long before i became invested in her personality so if something happens to Taylor Swift the person, it doesnâ€™t change what the TS songs mean to me or what they were written about. I wouldnâ€™t want to defend her if she did something I believe is bad but I would not stop enjoying music I like either. Also I donâ€™t think her merch is that great so I donâ€™t buy it bc of how it looks and costs, not really related to Taylor herself",0
2,1,2,3,1,5,5,5,5,4,4,3,4,4,5,5,4,5,2,5,5,4,2,,,,,,,,,,,,,,,,,4,1,1,1,2,4,1,1,1,1,8,8,8,8,8,,0
2,4,1,1,1,4,5,3,5,5,3,2,4,4,3,5,5,5,2,5,5,5,2,,,,,,,,,,,,,,,,,3,2,2,2,3,5,5,5,5,5,7,7,7,7,7,,0
2,1,2,3,1,5,5,4,5,5,4,3,4,4,5,5,5,5,1,5,4,5,5,4,1,4,4,4,3,1,3,2,2,4,1,5,1,1,,,,,,,,,,,,,,,,,,1
2,4,1,1,1,4,3,2,4,5,1,1,1,1,2,2,3,1,1,1,1,1,1,3,4,5,2,4,1,1,4,1,3,3,1,4,1,3,,,,,,,,,,,,,,,,,,1
2,1,2,1,1,5,4,5,5,5,5,2,5,3,2,5,5,4,4,5,5,5,4,,,,,,,,,,,,,,,,,4,4,4,2,2,3,2,3,1,2,7,5,6,4,5,,0
3,1,2,1,2,5,5,4,5,5,3,1,1,1,2,5,3,4,1,1,1,4,1,2,1,3,1,3,3,3,3,1,1,3,4,3,3,1,,,,,,,,,,,,,,,,,,1
3,5,2,1,1,4,4,3,5,4,2,1,2,2,5,4,2,2,1,1,1,3,1,,,,,,,,,,,,,,,,,3,2,2,2,2,1,1,1,1,1,6,6,6,4,5,,0
3,5,1,2,1,1,5,1,4,1,5,1,5,1,5,5,5,5,1,5,5,5,5,5,1,5,1,1,5,1,5,1,1,5,1,5,5,1,I am a â€œgaylorâ€ and believe that Taylor is secretly homosexual. I am fascinated by her PR strategies to conceal this and would not stop following her or listening to her music based on non-gaylor related activities. ,,,,,,,,,,,,,,,,,1
2,5,1,2,1,4,5,4,5,5,3,3,4,4,5,4,4,4,2,2,3,4,2,3,3,4,3,4,1,1,1,1,1,2,1,2,2,2,,,,,,,,,,,,,,,,,,1
2,1,2,1,1,2,3,3,4,3,1,1,2,1,5,4,1,1,1,1,1,2,1,,,,,,,,,,,,,,,,,4,1,1,2,3,4,2,3,2,3,8,5,6,5,6,,0
2,5,4,5,1,1,3,1,3,4,2,1,3,1,5,4,1,4,1,1,4,3,1,2,1,3,1,4,3,1,1,1,4,4,1,1,4,2,,,,,,,,,,,,,,,,,,1
2,1,2,1,1,3,4,4,5,2,1,1,2,1,5,4,1,2,1,4,4,3,4,3,1,3,1,4,3,1,3,1,4,3,1,3,3,4,,,,,,,,,,,,,,,,,,1
2,2,2,1,1,1,1,2,5,3,1,1,1,1,2,4,2,1,1,1,1,3,1,,,,,,,,,,,,,,,,,3,3,3,3,3,3,3,3,3,3,6,6,6,6,6,,0
2,1,3,4,1,3,4,2,5,5,4,2,3,2,2,4,4,4,2,4,4,4,4,3,1,2,2,2,1,1,2,1,2,3,1,3,3,2,,,,,,,,,,,,,,,,,,1
1,1,2,3,1,2,5,2,3,2,4,1,3,4,1,5,2,1,1,1,1,5,3,,,,,,,,,,,,,,,,,3,1,4,1,3,3,1,1,1,2,8,8,8,8,6,,0
2,5,2,1,1,4,4,3,5,2,5,3,4,2,5,5,3,5,3,5,5,4,4,,,,,,,,,,,,,,,,,2,2,2,2,2,3,3,3,3,3,6,6,6,6,6,,0
2,4,2,1,1,4,5,4,5,2,5,2,5,3,3,5,5,5,4,5,4,5,4,2,2,4,3,4,4,2,4,3,4,2,2,2,2,1,,,,,,,,,,,,,,,,,,1
2,1,2,1,1,4,5,2,5,4,4,2,4,4,5,5,5,5,1,5,4,4,5,4,1,4,2,4,4,1,4,1,3,4,1,4,1,3,"Whilst purchasing merch is an optional extra, listening to her music has been such a huge part of my life for so long that it would be extremely difficult to cut that out without it affecting me personally. I would try to listen to the music in a way not supporting her - i.e through existing physical CDs, or unofficial downloads",,,,,,,,,,,,,,,,,1
2,5,2,5,1,4,4,5,5,2,4,1,4,2,5,5,4,5,2,5,2,4,5,,,,,,,,,,,,,,,,,5,4,4,4,5,2,2,2,2,2,7,5,5,5,5,,0
2,1,2,4,1,5,5,3,4,2,5,4,5,1,5,5,4,4,2,5,5,5,1,,,,,,,,,,,,,,,,,2,1,3,1,2,4,3,4,1,3,7,7,8,5,6,,0
2,4,2,1,1,5,2,2,5,5,4,4,4,4,5,5,5,5,4,5,5,5,2,4,4,4,1,5,4,4,4,1,4,4,4,4,1,3,"I think we need to remember that celebrities are human and not always idolise them - they can make mistakes, but I still appreciate her art. I think we should learn to separate the person from the music sometimes",,,,,,,,,,,,,,,,,1
2,1,2,1,1,4,5,3,5,4,5,3,5,2,5,5,5,5,4,5,4,5,5,,,,,,,,,,,,,,,,,1,5,4,2,3,5,1,5,5,5,8,8,8,8,8,,0
2,1,2,1,1,4,5,4,4,3,2,1,3,2,2,3,2,4,2,4,4,2,3,4,3,3,1,3,4,3,4,1,3,4,3,4,2,3,"I often separate art and the artist, her actions would not stop me from listening to her music but I would never defend a celebrity if I believe theyâ€™re doing something inherently wrong. I would also never be persuaded to believe something by a celebrity.",,,,,,,,,,,,,,,,,1
2,4,1,1,1,5,4,4,5,5,4,4,5,5,5,5,5,4,1,4,5,4,3,3,1,4,5,5,1,5,5,3,2,1,5,5,2,2,,,,,,,,,,,,,,,,,,1
2,1,2,1,1,4,4,4,5,3,4,3,3,2,5,5,5,4,5,5,5,5,4,,,,,,,,,,,,,,,,,3,2,3,1,2,2,2,3,2,2,7,7,7,5,6,I donâ€™t really know how I would respond in the situations but I wouldnâ€™t defend those kind of actions ,0
2,5,2,1,1,4,5,4,5,4,4,2,4,4,5,5,4,4,2,4,4,4,2,,,,,,,,,,,,,,,,,4,3,4,4,5,4,2,3,3,5,8,6,6,6,8,,0
2,1,2,1,1,3,5,2,5,2,4,1,4,1,5,5,4,4,3,4,3,4,1,4,3,4,2,4,4,3,4,2,4,3,3,4,1,3,,,,,,,,,,,,,,,,,,1
2,1,2,1,1,4,5,5,5,4,4,2,4,4,3,5,5,4,3,4,4,5,5,,,,,,,,,,,,,,,,,4,4,4,2,3,4,4,4,2,2,5,5,5,4,4,,0
2,1,2,1,1,3,4,3,4,1,4,1,2,1,5,5,1,4,1,5,5,4,1,,,,,,,,,,,,,,,,,1,1,1,1,1,1,1,1,1,1,6,6,6,6,6,"I think making transphobic comments or actively supporting a controversial political figure is worse than cheating on a partner because it affects a wider range of people, and I would not support someone who did that, regardless of whether I enjoy the content they create. However I think cheating on a partner only affects the people in the relationship, is a private thing, and honestly I donâ€™t think that celebritiesâ€™ private lives should be up for public consumption.  ",0
2,1,2,3,1,4,5,4,5,4,4,3,4,4,4,5,5,5,3,5,4,4,3,3,3,3,2,4,2,2,2,1,3,4,4,4,3,4,"Imagine you being the most famous person on the planet who has been stalked multiple times by fans and paparazzi, she has a right to safety. She is also working to offset her carbon emissions, however if she was doing it on purpose with no regard for the environment Iâ€™d feel rather conflicted.",,,,,,,,,,,,,,,,,1
2,1,2,3,1,3,4,2,4,3,3,2,3,2,4,4,2,2,2,1,4,3,1,,,,,,,,,,,,,,,,,2,2,2,1,2,2,2,2,1,2,6,6,6,5,6,,0
2,1,1,2,1,4,5,2,5,5,5,3,4,4,5,5,5,5,4,5,5,5,5,5,4,4,4,5,4,5,5,4,5,5,5,5,4,4,Taylor isnâ€™t always responsible for how her fans behave and when they misbehave or act out she usually calls them out,,,,,,,,,,,,,,,,,1
2,4,2,4,3,4,4,4,5,4,4,1,4,4,5,4,4,4,2,4,4,4,4,,,,,,,,,,,,,,,,,1,1,1,1,1,4,1,4,4,4,8,8,8,8,8,,0
2,1,2,1,1,4,5,4,5,3,5,3,2,2,5,5,5,5,2,3,5,4,4,4,2,4,2,3,2,1,3,1,2,2,2,3,1,2,Conflict of personal enjoyment of her music and my morals ,,,,,,,,,,,,,,,,,1
2,1,2,1,1,4,5,4,5,5,4,2,4,2,3,5,5,5,1,1,5,5,1,3,3,3,4,5,5,4,4,5,5,5,4,5,5,5,,,,,,,,,,,,,,,,,,1
2,4,2,1,1,5,5,5,5,5,5,5,4,4,5,5,5,4,4,4,4,5,5,,,,,,,,,,,,,,,,,3,4,5,3,4,4,4,5,3,4,7,8,8,6,7,,0
2,1,1,1,1,4,5,5,4,3,3,1,2,1,5,5,4,4,1,5,5,4,1,3,3,5,2,2,2,1,4,2,1,3,5,4,2,1,,,,,,,,,,,,,,,,,,1
2,1,2,3,1,5,4,4,5,5,4,1,3,3,5,4,4,4,2,5,4,5,3,4,4,4,1,4,2,1,1,1,1,4,1,2,1,1,,,,,,,,,,,,,,,,,,1
2,1,2,5,1,4,5,4,5,4,5,2,4,2,5,5,4,5,5,5,5,4,5,5,4,5,2,5,4,2,4,1,2,4,2,4,1,2,,,,,,,,,,,,,,,,,,1
2,1,1,1,1,4,4,2,5,4,5,1,4,1,1,4,4,5,1,1,4,5,1,4,2,4,2,4,4,2,1,1,4,4,2,3,2,4,,,,,,,,,,,,,,,,,,1
2,1,2,3,1,4,5,2,5,4,5,2,5,2,4,4,5,5,1,5,4,5,5,4,4,4,2,2,4,1,2,1,1,5,1,2,1,2,,,,,,,,,,,,,,,,,,1
2,4,2,3,1,3,5,4,5,1,4,1,2,1,3,5,4,5,4,5,4,5,3,4,4,5,2,5,4,2,4,2,5,4,2,4,2,5,,,,,,,,,,,,,,,,,,1
2,4,2,3,1,5,5,4,5,5,5,3,4,4,5,5,4,5,4,4,5,4,3,,,,,,,,,,,,,,,,,2,2,3,3,4,4,4,4,4,4,8,7,8,7,7,"Social media always takes the context out of a debate or somehow exaggerates an unimportant fact, Taylor is definitely not a perfect person but I think people need to have firmer beliefs on things they choose to have a passion for, but having their own morals and ethics of course at the same time.",0
2,4,2,1,2,1,4,4,5,1,4,1,2,1,2,5,2,4,2,2,4,5,2,4,3,2,1,3,2,1,1,3,3,4,3,2,2,3,"I think Taylor Swift gets a lot of hate for a lot of normal stuff that all celebrities do. And while i do not know her personally, i dont think a lot of the hate towards her is warranted. She does make great music though :)",,,,,,,,,,,,,,,,,1
2,1,2,4,1,4,5,4,5,3,5,1,4,1,2,5,5,4,3,4,5,4,4,,,,,,,,,,,,,,,,,1,1,1,1,1,1,1,1,1,1,7,4,7,6,6,"If Taylor swift did something that goes against human rights (transphobia, racism etc) I would no longer support her immediately. If she cheated on her partner, I donâ€™t deem that as black and white, Iâ€™d think a bit less of her but I donâ€™t know her as a person or her relationships",0
2,1,2,4,1,5,5,2,5,3,5,4,5,2,3,5,5,5,5,5,5,4,4,,,,,,,,,,,,,,,,,1,1,4,1,2,1,1,2,1,2,8,7,8,6,8,,0
3,5,2,3,1,2,3,4,3,1,1,1,1,1,5,3,1,1,1,1,4,1,1,4,2,2,1,1,2,2,1,1,1,2,1,1,1,1,,,,,,,,,,,,,,,,,,1
2,5,2,4,1,2,3,1,4,4,1,1,1,1,1,4,1,1,1,1,4,2,1,4,2,3,1,3,3,1,3,1,1,3,1,2,1,1,,,,,,,,,,,,,,,,,,1
2,1,2,1,1,5,4,5,5,5,5,3,5,4,5,4,4,4,1,1,1,5,5,5,3,5,5,5,5,3,5,4,5,5,3,5,5,5,,,,,,,,,,,,,,,,,,1
2,5,2,3,1,4,5,4,5,4,5,2,5,3,2,5,5,5,4,5,5,5,4,4,3,5,3,5,4,4,5,4,5,5,5,5,5,5,,,,,,,,,,,,,,,,,,1
2,4,2,1,1,1,2,3,4,1,2,1,4,1,5,1,2,4,1,4,1,4,1,,,,,,,,,,,,,,,,,2,1,1,1,1,4,1,1,1,1,7,4,4,4,4,,0
2,5,1,2,1,3,5,4,5,5,5,2,5,4,5,5,5,5,5,5,5,5,5,4,4,3,2,4,4,3,4,2,4,4,4,4,4,4,,,,,,,,,,,,,,,,,,1